{"type": "FeatureCollection", "features": [{"type": "Feature", "properties": {"osm": 7444, "name": "Paris", "insee": "75056"}, "geometry": {"type": "Polygon", "coordinates": [[[2.3095441, 48.8967081], [2.3118553, 48.897577], [2.3123424, 48.8977601], [2.3130853, 48.8979786], [2.3134019, 48.8980717], [2.3152945, 48.8986503], [2.316169, 48.8989407], [2.3185323, 48.8996333], [2.3187182, 48.8997442], [2.319099, 48.8999762], [2.3198901, 48.9004581], [2.3202377, 48.9006804], [2.3203576, 48.9007571], [2.3213034, 48.9007949], [2.3222857, 48.9008264], [2.3240848, 48.9008857], [2.3258802, 48.9009525], [2.3277816, 48.9009898], [2.3301825, 48.9010281], [2.3311654, 48.901052], [2.3313375, 48.9010562], [2.3317196, 48.9010654], [2.334615, 48.9011358], [2.3346298, 48.9011361], [2.3346874, 48.9011373], [2.3347159, 48.9011379], [2.334835, 48.9011408], [2.3350075, 48.901145], [2.335107, 48.9011475], [2.3351638, 48.9011485], [2.3352678, 48.9011502], [2.3353793, 48.9011527], [2.3354309, 48.9011538], [2.3354926, 48.9011553], [2.3355071, 48.9011555], [2.3356163, 48.9011577], [2.3356539, 48.9011584], [2.3358319, 48.9011622], [2.3360336, 48.9011669], [2.3360628, 48.9011676], [2.3361725, 48.9011702], [2.336375, 48.9011752], [2.3365431, 48.9011783], [2.3365959, 48.9011795], [2.3367057, 48.9011817], [2.3367171, 48.9011819], [2.3367567, 48.901183], [2.3369673, 48.9011881], [2.3371369, 48.9011928], [2.3371435, 48.901193], [2.3372746, 48.9011971], [2.3373365, 48.9011983], [2.3374106, 48.9011998], [2.3378475, 48.9012083], [2.3386529, 48.901224], [2.3398966, 48.9012483], [2.3422315, 48.9012938], [2.3432779, 48.9013142], [2.3439867, 48.901328], [2.3441098, 48.9013304], [2.3442604, 48.9013336], [2.3449885, 48.9013489], [2.3480617, 48.9014138], [2.3518809, 48.9014902], [2.3519537, 48.9014922], [2.3520561, 48.9014901], [2.3530999, 48.901507], [2.3532526, 48.9015126], [2.3550659, 48.9015474], [2.3578445, 48.9016087], [2.3584323, 48.9016176], [2.3584812, 48.9016184], [2.3588508, 48.901624], [2.3594462, 48.9016362], [2.3615108, 48.9016786], [2.3617146, 48.9016827], [2.3619858, 48.9016883], [2.3656306, 48.9017644], [2.370105, 48.9018542], [2.3702923, 48.90186], [2.3715507, 48.9018858], [2.3759783, 48.9019808], [2.3790003, 48.9020474], [2.380076, 48.9020689], [2.3844292, 48.902156], [2.3849847, 48.9020514], [2.386186, 48.9018252], [2.38724, 48.9016275], [2.3892039, 48.901259], [2.3893896, 48.9012193], [2.3906903, 48.900981], [2.3912105, 48.9006945], [2.3912182, 48.9006901], [2.3912233, 48.9006873], [2.391278, 48.9006561], [2.39374, 48.8992669], [2.3955274, 48.8982617], [2.3957809, 48.8978504], [2.3960266, 48.8974517], [2.396441, 48.8967793], [2.3964598, 48.8967483], [2.3969294, 48.895982], [2.3969977, 48.8958673], [2.3970261, 48.8958206], [2.397073, 48.8957432], [2.397727, 48.8946512], [2.3977623, 48.8945923], [2.3980139, 48.8936755], [2.3980216, 48.8936459], [2.3980285, 48.8936194], [2.3980461, 48.8935581], [2.3980795, 48.8934363], [2.3981193, 48.8932835], [2.398286, 48.8926313], [2.3986237, 48.8913434], [2.3987974, 48.89024], [2.3989152, 48.8895628], [2.3991689, 48.8883292], [2.3991897, 48.8882343], [2.3991941, 48.8876735], [2.3991945, 48.8876351], [2.3992054, 48.886712], [2.3992069, 48.8865405], [2.399208, 48.8858693], [2.3992165, 48.8854211], [2.4000919, 48.8838165], [2.4014693, 48.8826113], [2.4037173, 48.8814851], [2.4046122, 48.8812198], [2.4071395, 48.8805138], [2.4083783, 48.8803825], [2.409293, 48.8802781], [2.4108392, 48.878426], [2.410856, 48.8784046], [2.4118563, 48.877152], [2.4125003, 48.8763788], [2.412525, 48.8762834], [2.4125297, 48.8762513], [2.4128442, 48.8752063], [2.4128549, 48.8751692], [2.4131542, 48.8741348], [2.4131861, 48.8740448], [2.4132183, 48.8739412], [2.4132894, 48.8736942], [2.4134012, 48.8733081], [2.4134473, 48.8731508], [2.4136317, 48.8724474], [2.4136461, 48.8724055], [2.4138209, 48.8705645], [2.4139452, 48.8695112], [2.4139679, 48.8693058], [2.4140042, 48.8689246], [2.4139667, 48.8678519], [2.413965, 48.8675931], [2.4139614, 48.8674618], [2.413912, 48.8656741], [2.4138943, 48.8651716], [2.4138599, 48.8640706], [2.4139019, 48.8637648], [2.4139144, 48.8636723], [2.4139599, 48.8633341], [2.4140589, 48.8625712], [2.4143316, 48.8608737], [2.4144118, 48.8604197], [2.4145003, 48.8598239], [2.4146685, 48.8588654], [2.4147117, 48.8587061], [2.4148508, 48.8577988], [2.4149659, 48.8570846], [2.4151669, 48.8558675], [2.4152669, 48.8552629], [2.4152827, 48.8551803], [2.4153405, 48.8548473], [2.415461, 48.8542264], [2.415524, 48.8539324], [2.4155987, 48.8534671], [2.4157103, 48.8527876], [2.4158824, 48.8518014], [2.4160156, 48.8509919], [2.416038, 48.8508465], [2.4161976, 48.8498896], [2.4163604, 48.8492351], [2.4164374, 48.8487895], [2.4164078, 48.8486413], [2.4164034, 48.8486194], [2.4163914, 48.8485641], [2.4163564, 48.8483846], [2.4163042, 48.8481235], [2.4162954, 48.8480794], [2.4162624, 48.8479143], [2.4162557, 48.8478811], [2.4162005, 48.847605], [2.4161931, 48.8475679], [2.4161844, 48.8475243], [2.4161771, 48.847488], [2.4161592, 48.8473985], [2.4161556, 48.8473806], [2.4161381, 48.8472933], [2.416119, 48.8472048], [2.4160714, 48.8469823], [2.4160155, 48.8467228], [2.4159926, 48.8466141], [2.4159377, 48.8464997], [2.4159441, 48.8464432], [2.4158669, 48.8459598], [2.4158594, 48.8459217], [2.4158088, 48.8456674], [2.4157916, 48.845581], [2.415793, 48.8455794], [2.4157655, 48.8454469], [2.4157466, 48.8453599], [2.4157227, 48.8452458], [2.4156926, 48.845106], [2.4153127, 48.8438715], [2.4152499, 48.843665], [2.415209, 48.8435303], [2.4151811, 48.8434373], [2.415178, 48.8434269], [2.4151421, 48.8433199], [2.4144915, 48.8412349], [2.4143498, 48.8407524], [2.4143134, 48.8406323], [2.4142862, 48.840537], [2.4142573, 48.8404383], [2.4142499, 48.8404131], [2.4140656, 48.8397848], [2.414057, 48.8397453], [2.413979, 48.8394954], [2.4139569, 48.8394155], [2.4139342, 48.8393327], [2.4139277, 48.8393106], [2.413905, 48.8392331], [2.413898, 48.8392092], [2.4138875, 48.8391733], [2.4138588, 48.8390755], [2.4138484, 48.83904], [2.4138157, 48.8389283], [2.4138044, 48.83889], [2.4137922, 48.8388482], [2.4137822, 48.8388142], [2.413719, 48.8385986], [2.4136412, 48.8383331], [2.4135969, 48.8381828], [2.4135428, 48.8379882], [2.4135331, 48.8379542], [2.413513, 48.8378838], [2.4133719, 48.8375097], [2.4133474, 48.8374389], [2.4133095, 48.837337], [2.4131424, 48.8368954], [2.4131004, 48.8367846], [2.4130362, 48.8366109], [2.4130221, 48.8365726], [2.4130023, 48.8365188], [2.4129803, 48.8364593], [2.4129586, 48.8364003], [2.4129239, 48.8363064], [2.4128577, 48.8361171], [2.4127861, 48.8359233], [2.4127744, 48.8358916], [2.4124881, 48.8351162], [2.4124104, 48.8349173], [2.4122756, 48.8345479], [2.4119259, 48.8343242], [2.4114001, 48.833972], [2.4113209, 48.833917], [2.4112276, 48.8338666], [2.4114269, 48.8338326], [2.4127939, 48.833631], [2.4131254, 48.8336049], [2.4134257, 48.8335871], [2.4136526, 48.8335769], [2.4139056, 48.8335711], [2.4141387, 48.833571], [2.4143693, 48.8335759], [2.414622, 48.8335877], [2.414883, 48.8336055], [2.4151223, 48.833626], [2.4153616, 48.8336512], [2.4156077, 48.8336823], [2.4158615, 48.8337185], [2.4161107, 48.833761], [2.4163436, 48.8338049], [2.4166366, 48.8338658], [2.4168864, 48.8339254], [2.4171163, 48.8339854], [2.4173319, 48.8340448], [2.4188688, 48.8345183], [2.421602, 48.8355527], [2.4221084, 48.83578], [2.4221777, 48.8358143], [2.4216968, 48.8366691], [2.4216385, 48.8368104], [2.4215633, 48.8370386], [2.4215306, 48.83715], [2.4214239, 48.8377072], [2.4213, 48.8382468], [2.4212226, 48.8385555], [2.421074, 48.8390539], [2.4209919, 48.8393016], [2.4208564, 48.8396534], [2.4207249, 48.8399465], [2.4206044, 48.8401879], [2.4204179, 48.8404984], [2.4203843, 48.8405539], [2.420269, 48.840693], [2.4200343, 48.8408961], [2.419858, 48.8410675], [2.4195701, 48.8415358], [2.4194237, 48.8424867], [2.4195373, 48.8426934], [2.4195777, 48.8427352], [2.4196351, 48.8427756], [2.419711, 48.8428349], [2.4197728, 48.8428955], [2.4198246, 48.8429555], [2.4198734, 48.8430323], [2.4198789, 48.8430451], [2.4199038, 48.8431027], [2.4199145, 48.8431492], [2.4199207, 48.8432328], [2.4199177, 48.8432968], [2.4199053, 48.8433561], [2.4199823, 48.8434672], [2.4221064, 48.844498], [2.4223441, 48.8443738], [2.4224549, 48.8442956], [2.4225741, 48.8441997], [2.4227583, 48.844006], [2.4228583, 48.8438881], [2.4229404, 48.8437789], [2.4230659, 48.8435911], [2.4231929, 48.8434022], [2.423478, 48.8429793], [2.4237003, 48.8426861], [2.4240616, 48.8423349], [2.4245669, 48.841947], [2.4248157, 48.8419004], [2.4247605, 48.8417696], [2.4250455, 48.841725], [2.4250912, 48.8417201], [2.4255749, 48.8416801], [2.4275631, 48.8415092], [2.4282676, 48.8414483], [2.432446, 48.8410908], [2.4336379, 48.8409864], [2.4336793, 48.8411933], [2.4339621, 48.8411693], [2.4341386, 48.8411543], [2.4371919, 48.8408914], [2.4372728, 48.841291], [2.4375339, 48.8425656], [2.4375528, 48.8426582], [2.4378988, 48.8443709], [2.4379406, 48.8445688], [2.4387349, 48.8444995], [2.4393835, 48.8444429], [2.4394709, 48.8444354], [2.4405117, 48.8443462], [2.4405221, 48.8444018], [2.4405374, 48.8444837], [2.4405771, 48.8446958], [2.4405929, 48.844776], [2.4405999, 48.8448105], [2.4406085, 48.8448545], [2.4406163, 48.8448879], [2.4408088, 48.8448716], [2.4408738, 48.8452101], [2.4406948, 48.8452082], [2.4406956, 48.845216], [2.4406989, 48.8452505], [2.4407021, 48.8452843], [2.4407662, 48.8459165], [2.4441212, 48.8458462], [2.4465262, 48.8457499], [2.4465525, 48.8457294], [2.4464103, 48.8449317], [2.4464886, 48.8449241], [2.447685, 48.8448075], [2.4478415, 48.8447922], [2.4493918, 48.8446367], [2.4522023, 48.8442275], [2.4536735, 48.8440233], [2.4580645, 48.8434559], [2.4596989, 48.8431435], [2.4608393, 48.8429217], [2.4611243, 48.8428549], [2.4611298, 48.8428536], [2.4617397, 48.8426945], [2.4622059, 48.8425514], [2.4627326, 48.8423677], [2.4632587, 48.8421642], [2.4638398, 48.841913], [2.4642297, 48.8417135], [2.4645546, 48.8415233], [2.4649937, 48.841232], [2.4652874, 48.8410224], [2.4656633, 48.8407344], [2.4659365, 48.8405091], [2.4663776, 48.840114], [2.4665407, 48.8399409], [2.4672316, 48.8390937], [2.4684575, 48.8378712], [2.4693053, 48.8371196], [2.469417, 48.8370044], [2.4695047, 48.8368914], [2.4696975, 48.8365902], [2.4697217, 48.8365474], [2.469746, 48.836491], [2.4697575, 48.8364455], [2.4697602, 48.8363848], [2.4697035, 48.8355556], [2.4696266, 48.8352843], [2.4694893, 48.8348337], [2.4693886, 48.8346145], [2.4692959, 48.8344541], [2.4691777, 48.8342828], [2.4690501, 48.8341224], [2.4689375, 48.8339906], [2.4687575, 48.833815], [2.4685898, 48.8336788], [2.4683752, 48.8335373], [2.4680973, 48.833399], [2.4676891, 48.8332164], [2.4667271, 48.8327216], [2.4664275, 48.8325223], [2.4660876, 48.8322528], [2.4658973, 48.832072], [2.4657206, 48.8318871], [2.4654908, 48.8316037], [2.4653607, 48.8314053], [2.4652296, 48.8311514], [2.4651046, 48.8308408], [2.4649828, 48.8304477], [2.4646418, 48.8293648], [2.4645142, 48.8286098], [2.4645497, 48.8279406], [2.4646098, 48.8276268], [2.4649031, 48.8275734], [2.4650873, 48.8275399], [2.4652296, 48.8276698], [2.46543, 48.82757], [2.4661776, 48.8273334], [2.4658462, 48.8264973], [2.465761, 48.8262824], [2.4656948, 48.8260718], [2.465359, 48.8250035], [2.4651007, 48.8249857], [2.4651733, 48.8246935], [2.4652474, 48.8244958], [2.4647171, 48.8232776], [2.4646662, 48.8232739], [2.4629064, 48.8202032], [2.4626386, 48.8193437], [2.4625235, 48.8192671], [2.4628098, 48.819077], [2.4628033, 48.8190282], [2.4613077, 48.8182984], [2.4597546, 48.8175402], [2.4591969, 48.8173344], [2.4592493, 48.8172454], [2.4586327, 48.8170123], [2.4572152, 48.8170183], [2.4546881, 48.8171308], [2.4545494, 48.817137], [2.4538889, 48.8172213], [2.4533172, 48.8172942], [2.4508256, 48.8178087], [2.4496376, 48.8179621], [2.4476126, 48.8180268], [2.4449831, 48.8179498], [2.442673, 48.8179577], [2.4421595, 48.8179762], [2.4416505, 48.818039], [2.4400143, 48.8183507], [2.4398636, 48.8183635], [2.4397507, 48.8183664], [2.4395917, 48.818363], [2.4373499, 48.8182191], [2.437387, 48.8185935], [2.437425, 48.8188267], [2.4374703, 48.8191048], [2.4373606, 48.8191833], [2.4372529, 48.8192433], [2.4370878, 48.8193167], [2.4369678, 48.8193634], [2.4367628, 48.8194299], [2.4364604, 48.8195157], [2.4362661, 48.8195603], [2.4361092, 48.8195849], [2.4359635, 48.8196002], [2.4351649, 48.8196495], [2.4351352, 48.8196472], [2.4350769, 48.8196336], [2.4349332, 48.819591], [2.4348187, 48.8195444], [2.4345005, 48.8193731], [2.4343234, 48.8193853], [2.43418, 48.8192814], [2.4342698, 48.8199244], [2.4343025, 48.8201561], [2.4324743, 48.82142], [2.4328895, 48.8216904], [2.4328527, 48.8217196], [2.4327471, 48.8218037], [2.4326578, 48.8218747], [2.432624, 48.8219016], [2.4321897, 48.8216184], [2.4321533, 48.8216437], [2.4303863, 48.8228801], [2.4305491, 48.8230771], [2.4306204, 48.8231559], [2.4306911, 48.8232341], [2.4302392, 48.8234026], [2.4297508, 48.8235653], [2.4292498, 48.8237087], [2.4289466, 48.8237863], [2.4283754, 48.8239124], [2.4278325, 48.8240111], [2.4271518, 48.8241115], [2.4265006, 48.8241836], [2.4259572, 48.824229], [2.4256513, 48.824248], [2.4249497, 48.8242682], [2.424475, 48.82427], [2.4239785, 48.8242592], [2.4228735, 48.824208], [2.422527, 48.8241911], [2.4219893, 48.8241649], [2.4217808, 48.8241548], [2.4217075, 48.8241527], [2.421691, 48.824126], [2.4211239, 48.824109], [2.4208041, 48.824104], [2.420356, 48.8241138], [2.4202284, 48.8241207], [2.4199475, 48.8241451], [2.4198602, 48.8241514], [2.419547, 48.8241846], [2.4193217, 48.8242118], [2.4193274, 48.8242486], [2.4192314, 48.8242621], [2.419034, 48.8243004], [2.4186792, 48.8243818], [2.4180742, 48.8245385], [2.4179109, 48.8245849], [2.4178147, 48.8246069], [2.4177225, 48.8246235], [2.4176276, 48.8246398], [2.4172153, 48.8247203], [2.416708, 48.824794], [2.4163896, 48.824825], [2.416073, 48.8248444], [2.4156614, 48.8248575], [2.4151562, 48.8248594], [2.4146248, 48.8248466], [2.4138483, 48.8247961], [2.4131934, 48.8247908], [2.4126166, 48.8248159], [2.4122982, 48.8248409], [2.4118362, 48.8248881], [2.4112922, 48.824967], [2.4108039, 48.8250515], [2.4105181, 48.8251161], [2.4102556, 48.8251885], [2.4102443, 48.8251916], [2.4100482, 48.8252583], [2.4099036, 48.8253074], [2.4096219, 48.8254189], [2.4092442, 48.8255893], [2.4087713, 48.8258283], [2.4083083, 48.8260909], [2.407706, 48.8264733], [2.4072826, 48.8267646], [2.4065165, 48.8273596], [2.4062283, 48.8275739], [2.4054526, 48.8281474], [2.4051946, 48.8283313], [2.4049181, 48.8285175], [2.4045837, 48.828725], [2.4042668, 48.8289036], [2.4039187, 48.8290697], [2.4036629, 48.8291808], [2.4030825, 48.8294233], [2.4024879, 48.8296469], [2.401494, 48.8293657], [2.4013057, 48.8293102], [2.4009961, 48.8292234], [2.3997742, 48.8288784], [2.3957464, 48.8277321], [2.3943522, 48.8275128], [2.3933003, 48.8270539], [2.393214, 48.8270163], [2.3909513, 48.8260324], [2.3902559, 48.8257262], [2.3897776, 48.8255204], [2.3888381, 48.8250197], [2.3888124, 48.825006], [2.3887664, 48.8249897], [2.3871992, 48.8244334], [2.3871708, 48.8244233], [2.3870497, 48.82438], [2.3851504, 48.8237015], [2.383964, 48.8232812], [2.3815135, 48.8224129], [2.3807452, 48.8216877], [2.3791335, 48.8211634], [2.3790883, 48.8211487], [2.3790587, 48.8211391], [2.3778589, 48.820748], [2.376025, 48.8201183], [2.3746098, 48.8196609], [2.3741539, 48.8195136], [2.3669819, 48.8172057], [2.3661679, 48.8169138], [2.3647314, 48.8164817], [2.3642489, 48.8163269], [2.3634078, 48.8160593], [2.3600926, 48.8160209], [2.3566126, 48.8159806], [2.3559173, 48.8159723], [2.3523989, 48.8185339], [2.3486894, 48.8167277], [2.3485476, 48.8166586], [2.3484943, 48.8166328], [2.3483612, 48.8165678], [2.3481888, 48.8164837], [2.3479768, 48.8163803], [2.3477868, 48.8162876], [2.347389, 48.8160945], [2.3471919, 48.8159982], [2.3469205, 48.8158654], [2.3466225, 48.8158942], [2.3464267, 48.8159133], [2.3444323, 48.8161064], [2.3444967, 48.8155755], [2.343974, 48.8157662], [2.3436497, 48.815868], [2.3430541, 48.8160662], [2.3416672, 48.8163437], [2.3404582, 48.8164067], [2.3402933, 48.8164153], [2.3395287, 48.8164436], [2.3386644, 48.8164844], [2.3380169, 48.8165202], [2.3360975, 48.8166201], [2.3355932, 48.8166525], [2.3353341, 48.8166692], [2.3352156, 48.8166768], [2.3351421, 48.8166815], [2.3349404, 48.8166945], [2.3347744, 48.8167052], [2.334721, 48.8167086], [2.3339902, 48.8167464], [2.3338201, 48.8167556], [2.3337086, 48.8167639], [2.3323383, 48.8169565], [2.3322416, 48.8169651], [2.3321455, 48.8169799], [2.3319785, 48.8170023], [2.33196, 48.8170041], [2.33192, 48.8170081], [2.3317414, 48.8170263], [2.3320935, 48.8176872], [2.3323719, 48.818207], [2.332212, 48.8182476], [2.3321647, 48.8182596], [2.3317783, 48.818344], [2.3315752, 48.8183899], [2.3312994, 48.8184489], [2.3308144, 48.8185552], [2.330793, 48.8185597], [2.3302869, 48.8186665], [2.3302117, 48.8186833], [2.3301823, 48.8186899], [2.3293503, 48.8188782], [2.3292675, 48.8188952], [2.3274555, 48.8193015], [2.3269174, 48.8194224], [2.3268722, 48.8194324], [2.3268014, 48.8194458], [2.3266627, 48.8194772], [2.3263256, 48.8195531], [2.3262721, 48.8195651], [2.3260856, 48.8196072], [2.325938, 48.8196405], [2.3258002, 48.8196724], [2.3257661, 48.8196803], [2.3255964, 48.8197195], [2.3213173, 48.8206761], [2.3210151, 48.8207421], [2.3208709, 48.8207739], [2.3206348, 48.8208256], [2.3198358, 48.8210036], [2.3191232, 48.8211615], [2.3187899, 48.8212354], [2.3187514, 48.8212439], [2.3187249, 48.8212498], [2.3187012, 48.8212551], [2.3183848, 48.8213253], [2.3183326, 48.8213368], [2.318011, 48.8214081], [2.3168502, 48.8216633], [2.3147321, 48.8221408], [2.3145538, 48.822174], [2.3143633, 48.8222148], [2.314133, 48.8222632], [2.3138, 48.8223339], [2.3133907, 48.8224327], [2.3133857, 48.822427], [2.3130139, 48.8225108], [2.3121195, 48.8227124], [2.3115241, 48.8228466], [2.3102584, 48.8231257], [2.3090563, 48.8233892], [2.308423, 48.823528], [2.3082963, 48.8235562], [2.3069878, 48.8238477], [2.3068902, 48.8238694], [2.3068117, 48.8238869], [2.3065022, 48.8239536], [2.3063461, 48.8239892], [2.305836, 48.8241053], [2.3043778, 48.8244361], [2.304123, 48.8244931], [2.3040461, 48.8245105], [2.3040036, 48.8245201], [2.3039796, 48.8245256], [2.3023384, 48.8249028], [2.3021285, 48.8249477], [2.3020093, 48.8249732], [2.3019807, 48.8249793], [2.3017791, 48.8250224], [2.3013179, 48.8251252], [2.3007147, 48.8252543], [2.3004885, 48.8253115], [2.3002858, 48.8253461], [2.2976469, 48.8259109], [2.2969937, 48.8260598], [2.2950122, 48.8265117], [2.2942296, 48.8266901], [2.2938163, 48.8267822], [2.2923156, 48.8271168], [2.2922207, 48.8271379], [2.2921348, 48.8271739], [2.2920586, 48.8272058], [2.2920118, 48.8272254], [2.291941, 48.8272551], [2.2909034, 48.8276894], [2.2893877, 48.8283239], [2.2859836, 48.8297615], [2.2854691, 48.8299788], [2.2849412, 48.8302001], [2.2848376, 48.8302435], [2.2846844, 48.8303077], [2.2833629, 48.8308617], [2.2828829, 48.831038], [2.2814722, 48.831556], [2.2805217, 48.831905], [2.2803697, 48.831961], [2.2802455, 48.8320067], [2.2791561, 48.8324078], [2.2790539, 48.8324454], [2.2778501, 48.8314491], [2.2763585, 48.8302146], [2.2757908, 48.8297038], [2.2734265, 48.8283053], [2.2734179, 48.8283006], [2.2728056, 48.8279667], [2.2727442, 48.8279332], [2.2713365, 48.8279056], [2.2711052, 48.827902], [2.2678061, 48.8278499], [2.2677743, 48.8278688], [2.2676048, 48.8279672], [2.2672998, 48.8315589], [2.2696717, 48.8328134], [2.2700296, 48.8330081], [2.2699866, 48.8330435], [2.2699509, 48.8330728], [2.2699136, 48.8330987], [2.2688782, 48.8338149], [2.2683707, 48.8342122], [2.2679483, 48.8345762], [2.2674688, 48.8346266], [2.2669545, 48.8345231], [2.2669248, 48.8345171], [2.2668437, 48.8345097], [2.2666626, 48.8344943], [2.2662256, 48.8344563], [2.2661777, 48.8344521], [2.265237, 48.8342872], [2.2650165, 48.8342486], [2.2649159, 48.834231], [2.2643691, 48.8341437], [2.26296, 48.8338989], [2.2627757, 48.833918], [2.2620167, 48.8340108], [2.2616456, 48.8340561], [2.2615288, 48.8340683], [2.2615158, 48.8340696], [2.2613142, 48.8340906], [2.2611657, 48.8341061], [2.2594655, 48.8343047], [2.2574584, 48.8345392], [2.2571084, 48.8345789], [2.2569964, 48.8345916], [2.2568402, 48.8346094], [2.2561685, 48.8346875], [2.25558, 48.8347556], [2.2553201, 48.8347857], [2.2551536, 48.834805], [2.2550686, 48.8349039], [2.2541952, 48.8359204], [2.2535309, 48.8367392], [2.253408, 48.8368632], [2.2533009, 48.8369684], [2.2530136, 48.8373107], [2.2523281, 48.8381405], [2.2522187, 48.8382361], [2.2520859, 48.8383916], [2.2520553, 48.8384274], [2.2516489, 48.8389058], [2.2516068, 48.8392845], [2.2515678, 48.8396486], [2.2515294, 48.8400074], [2.2514931, 48.8403644], [2.2514062, 48.8411523], [2.2513072, 48.8420393], [2.2513016, 48.8420893], [2.2512997, 48.842109], [2.2512721, 48.8423977], [2.251242, 48.8426798], [2.2512224, 48.8428631], [2.2525351, 48.8455694], [2.2509427, 48.8456004], [2.2509157, 48.8456], [2.2508721, 48.8456004], [2.2508285, 48.8456087], [2.2506759, 48.8456268], [2.2505439, 48.8456557], [2.2504945, 48.8456704], [2.2504219, 48.845688], [2.2497544, 48.8458481], [2.2478922, 48.8463373], [2.2467289, 48.8466377], [2.2430008, 48.8475951], [2.2424666, 48.847731], [2.242352, 48.8478301], [2.2420889, 48.848059], [2.2415952, 48.8484903], [2.2415171, 48.8485577], [2.2415047, 48.8485684], [2.2414249, 48.8486374], [2.2403097, 48.8496004], [2.2401177, 48.8497483], [2.2399504, 48.8498536], [2.2396971, 48.8499782], [2.2395581, 48.8500379], [2.2393245, 48.850107], [2.239084, 48.8501602], [2.2381442, 48.8503673], [2.2377999, 48.8504401], [2.2263608, 48.8529593], [2.2255596, 48.8531357], [2.2241686, 48.853442], [2.2241606, 48.8534778], [2.224143, 48.853578], [2.224135, 48.853654], [2.224129, 48.853759], [2.224125, 48.853869], [2.224125, 48.85402], [2.224122, 48.854199], [2.224158, 48.854615], [2.224257, 48.855241], [2.224317, 48.85555], [2.224371, 48.85581], [2.224466, 48.856232], [2.224579, 48.856632], [2.224789, 48.857329], [2.224877, 48.857605], [2.225001, 48.85798], [2.225056, 48.858124], [2.225116, 48.858268], [2.22523, 48.858519], [2.225286, 48.858627], [2.22543, 48.858914], [2.2257078, 48.8594357], [2.2264045, 48.8609577], [2.226905, 48.8617931], [2.2272919, 48.8625733], [2.2279465, 48.8643329], [2.2282436, 48.8651445], [2.2284251, 48.8654293], [2.2286521, 48.8657664], [2.2294749, 48.8667271], [2.2295817, 48.8668473], [2.2303701, 48.8677341], [2.2312283, 48.8686235], [2.2320761, 48.8695071], [2.2328437, 48.8697546], [2.2340187, 48.8700812], [2.2373729, 48.8710133], [2.2396721, 48.8715756], [2.2401155, 48.8717175], [2.2404626, 48.8718878], [2.2410477, 48.8722768], [2.2433602, 48.8741266], [2.2456228, 48.8763642], [2.2460058, 48.8762821], [2.2476142, 48.8758711], [2.2495862, 48.8753761], [2.2548149, 48.8740806], [2.2550572, 48.8741525], [2.2554112, 48.8742636], [2.2584073, 48.8800973], [2.2584626, 48.8801181], [2.2584893, 48.8801283], [2.2588832, 48.8802792], [2.2588875, 48.8802807], [2.2602672, 48.8801053], [2.2646217, 48.8795663], [2.2774903, 48.8779625], [2.2780343, 48.8781258], [2.2786074, 48.8782982], [2.2786175, 48.8783012], [2.2798011, 48.8786534], [2.2799643, 48.8787025], [2.2808975, 48.8827946], [2.2809934, 48.8829464], [2.2811176, 48.883047], [2.2818271, 48.8835988], [2.2818613, 48.8836254], [2.2821522, 48.8838487], [2.2844692, 48.8856279], [2.2854584, 48.8864317], [2.2856609, 48.8865707], [2.2860664, 48.8867705], [2.2871097, 48.8872829], [2.2877584, 48.8876], [2.2896453, 48.8885254], [2.291175, 48.8892751], [2.2911516, 48.8892969], [2.2915043, 48.8894592], [2.2916837, 48.8894788], [2.2927238, 48.8895995], [2.292944, 48.8896198], [2.2935121, 48.8896858], [2.2937036, 48.8897081], [2.2940331, 48.889748], [2.2940396, 48.8897487], [2.294239, 48.8897734], [2.2942516, 48.889775], [2.2943705, 48.8897883], [2.295047, 48.8898693], [2.29556, 48.8901352], [2.2956134, 48.8901629], [2.2956666, 48.8901903], [2.2964597, 48.8905999], [2.2973247, 48.8910559], [2.2974274, 48.8911092], [2.2974716, 48.8911326], [2.2978671, 48.8913425], [2.2980112, 48.8914188], [2.2980293, 48.8914282], [2.2980951, 48.8914625], [2.2981869, 48.8915108], [2.2982029, 48.8915192], [2.2985613, 48.8917077], [2.2986328, 48.891742], [2.2989986, 48.8919132], [2.29906, 48.891942], [2.2993263, 48.8920679], [2.2994757, 48.8921386], [2.2996847, 48.8922374], [2.2998265, 48.8923037], [2.3000303, 48.892399], [2.3003454, 48.8925463], [2.3004252, 48.8925831], [2.300466, 48.8926015], [2.3006258, 48.8926735], [2.3015593, 48.8931164], [2.3032773, 48.8939169], [2.303395, 48.8939748], [2.3037934, 48.8941707], [2.3060163, 48.895227], [2.3071852, 48.895784], [2.3073107, 48.8958473], [2.3075545, 48.8959598], [2.3076874, 48.8960103], [2.3078197, 48.8960601], [2.3095441, 48.8967081]]]}}, {"type": "Feature", "properties": {"osm": 37026, "name": "Montrouge", "insee": "92049"}, "geometry": {"type": "Polygon", "coordinates": [[[2.3317414, 48.8170263], [2.3316752, 48.816902], [2.331661, 48.8168849], [2.3316261, 48.8168437], [2.3299905, 48.8148875], [2.3299402, 48.8148263], [2.3299254, 48.8148094], [2.3294006, 48.8141834], [2.329069, 48.8137846], [2.3286163, 48.8132311], [2.3285505, 48.8131471], [2.3285042, 48.8130951], [2.3281025, 48.812612], [2.3273863, 48.8117604], [2.327336, 48.8117041], [2.3269925, 48.8112925], [2.3269062, 48.8111899], [2.3267774, 48.8110363], [2.3265834, 48.8108276], [2.3264033, 48.8105859], [2.3256643, 48.809707], [2.3255351, 48.8095506], [2.3218749, 48.8096891], [2.3190559, 48.8099696], [2.3174184, 48.8098321], [2.3173043, 48.8098429], [2.3144314, 48.8101147], [2.3124049, 48.8102885], [2.3078685, 48.8106777], [2.3026389, 48.8111047], [2.3023829, 48.811133], [2.3002577, 48.8113047], [2.3000166, 48.8113242], [2.3002323, 48.8115136], [2.3003357, 48.8116151], [2.3003714, 48.8116475], [2.3006282, 48.8118949], [2.3006715, 48.8119366], [2.3007593, 48.8120212], [2.3008013, 48.8120684], [2.300875, 48.8121435], [2.3008943, 48.8121632], [2.3009404, 48.8122102], [2.3010986, 48.8123667], [2.3015046, 48.8128023], [2.3015237, 48.81283], [2.3015462, 48.8128542], [2.3015873, 48.8128946], [2.3016415, 48.812942], [2.3017179, 48.813], [2.3018031, 48.8130702], [2.3020834, 48.8133245], [2.3021428, 48.813379], [2.3024496, 48.8136607], [2.3025579, 48.8137652], [2.3025938, 48.8137932], [2.3034506, 48.8144779], [2.3035823, 48.8145841], [2.3036427, 48.8146328], [2.3039292, 48.8148631], [2.304222, 48.8150985], [2.3044063, 48.8152384], [2.3050621, 48.8156971], [2.3052912, 48.8158539], [2.3054212, 48.8159429], [2.3055415, 48.8160253], [2.3057516, 48.8161759], [2.3058899, 48.816263], [2.3062334, 48.8164933], [2.3065276, 48.8167046], [2.306554, 48.8167239], [2.3066523, 48.816795], [2.3071415, 48.8171492], [2.3075765, 48.8174687], [2.3077085, 48.8175725], [2.3077427, 48.817601], [2.3078859, 48.8176965], [2.3079916, 48.8177731], [2.3080391, 48.8178091], [2.3085434, 48.8181799], [2.3085789, 48.8182055], [2.3087299, 48.818317], [2.3092294, 48.8186906], [2.3094751, 48.8188742], [2.3096498, 48.8190048], [2.3099656, 48.8192432], [2.3101093, 48.8193516], [2.3102265, 48.8194425], [2.3103091, 48.8195043], [2.3105335, 48.8196674], [2.3105751, 48.8196983], [2.3107091, 48.8198023], [2.3107818, 48.8198657], [2.3108913, 48.8199384], [2.3111305, 48.8201313], [2.3113088, 48.8202612], [2.3120019, 48.8207584], [2.3126427, 48.8212243], [2.3133804, 48.8217428], [2.3136487, 48.8219452], [2.314133, 48.8222632], [2.3143633, 48.8222148], [2.3145538, 48.822174], [2.3147321, 48.8221408], [2.3168502, 48.8216633], [2.318011, 48.8214081], [2.3183326, 48.8213368], [2.3183848, 48.8213253], [2.3187012, 48.8212551], [2.3187249, 48.8212498], [2.3187514, 48.8212439], [2.3187899, 48.8212354], [2.3191232, 48.8211615], [2.3198358, 48.8210036], [2.3206348, 48.8208256], [2.3208709, 48.8207739], [2.3210151, 48.8207421], [2.3213173, 48.8206761], [2.3255964, 48.8197195], [2.3257661, 48.8196803], [2.3258002, 48.8196724], [2.325938, 48.8196405], [2.3260856, 48.8196072], [2.3262721, 48.8195651], [2.3263256, 48.8195531], [2.3266627, 48.8194772], [2.3268014, 48.8194458], [2.3268722, 48.8194324], [2.3269174, 48.8194224], [2.3274555, 48.8193015], [2.3292675, 48.8188952], [2.3293503, 48.8188782], [2.3301823, 48.8186899], [2.3302117, 48.8186833], [2.3302869, 48.8186665], [2.330793, 48.8185597], [2.3308144, 48.8185552], [2.3312994, 48.8184489], [2.3315752, 48.8183899], [2.3317783, 48.818344], [2.3321647, 48.8182596], [2.332212, 48.8182476], [2.3323719, 48.818207], [2.3320935, 48.8176872], [2.3317414, 48.8170263]]]}}, {"type": "Feature", "properties": {"osm": 37027, "name": "Malakoff", "insee": "92046"}, "geometry": {"type": "Polygon", "coordinates": [[[2.3003714, 48.8116475], [2.3003357, 48.8116151], [2.3002323, 48.8115136], [2.3000166, 48.8113242], [2.2995997, 48.8109583], [2.2993166, 48.811167], [2.2983653, 48.8118681], [2.2980071, 48.8121353], [2.2979634, 48.8121123], [2.2970907, 48.8116523], [2.2967518, 48.8114799], [2.2966135, 48.8114134], [2.2961931, 48.8112112], [2.2947842, 48.8105294], [2.2945008, 48.8109352], [2.294246, 48.8113001], [2.2941708, 48.8114078], [2.293867, 48.8118428], [2.2938308, 48.8119002], [2.293766, 48.8118843], [2.2936975, 48.8118785], [2.2936288, 48.811883], [2.2935634, 48.8118976], [2.2935097, 48.8118209], [2.2932059, 48.8113861], [2.2929661, 48.8110546], [2.2928922, 48.810947], [2.292636, 48.8105742], [2.2926028, 48.8105259], [2.2920086, 48.8097083], [2.2915389, 48.8097057], [2.2913833, 48.809705], [2.2904592, 48.8096919], [2.2904548, 48.8096461], [2.2904571, 48.8096164], [2.2904508, 48.8095186], [2.2904637, 48.8093356], [2.2904583, 48.8093344], [2.2904716, 48.8089693], [2.2904733, 48.8089222], [2.2902907, 48.8090007], [2.2892776, 48.8094363], [2.289203, 48.8094684], [2.2890876, 48.809518], [2.2890492, 48.8095346], [2.2887949, 48.8096413], [2.2883946, 48.8097805], [2.2880509, 48.8098946], [2.2876705, 48.8100245], [2.2874533, 48.8100937], [2.2872926, 48.8101305], [2.2869526, 48.8102084], [2.2867407, 48.810257], [2.2856356, 48.8105102], [2.2853792, 48.810569], [2.2852942, 48.8105885], [2.285046, 48.8106514], [2.2848598, 48.8106186], [2.2845838, 48.8105404], [2.2838681, 48.8103303], [2.2834824, 48.8102171], [2.2834287, 48.8102925], [2.2832507, 48.8105575], [2.2832198, 48.81056], [2.2822754, 48.8106363], [2.281866, 48.8106694], [2.2817988, 48.8106785], [2.2817189, 48.8106893], [2.2816764, 48.810695], [2.2815538, 48.8107134], [2.2814056, 48.8107357], [2.2799552, 48.8109001], [2.2798974, 48.8109067], [2.2798774, 48.810909], [2.2799362, 48.8109812], [2.2792406, 48.8112127], [2.2790984, 48.8112501], [2.2789746, 48.8112944], [2.2787993, 48.8113448], [2.2784912, 48.8114317], [2.2781925, 48.8115676], [2.2780402, 48.8116387], [2.2778973, 48.8117091], [2.2774592, 48.8119289], [2.2773529, 48.8119766], [2.2760386, 48.8124413], [2.2760114, 48.8124184], [2.2753934, 48.8127445], [2.2754279, 48.812773], [2.2744028, 48.8134649], [2.2781214, 48.8143312], [2.2782308, 48.8142416], [2.2793264, 48.8144191], [2.279501, 48.8144769], [2.2803937, 48.814612], [2.2845136, 48.8154139], [2.2863604, 48.8159414], [2.2863701, 48.8159991], [2.2865835, 48.8160505], [2.2866612, 48.8160249], [2.2877876, 48.8164171], [2.2887938, 48.8168006], [2.2889963, 48.8168601], [2.2890017, 48.8168938], [2.2894639, 48.8170809], [2.2899271, 48.817267], [2.2902929, 48.8174248], [2.29071, 48.8176137], [2.2909157, 48.8177047], [2.2910164, 48.817749], [2.2911225, 48.8177932], [2.2911301, 48.817786], [2.2911178, 48.8177811], [2.2911296, 48.817769], [2.2912249, 48.8178109], [2.2912147, 48.8178204], [2.2920083, 48.8181946], [2.2920149, 48.818214], [2.2922852, 48.8183558], [2.2923108, 48.8183559], [2.2926411, 48.8185333], [2.2929631, 48.8187188], [2.2933336, 48.8189546], [2.2940759, 48.8194323], [2.2942228, 48.8195389], [2.2954622, 48.820339], [2.2961355, 48.8208896], [2.2962884, 48.8210138], [2.2965918, 48.821289], [2.2967809, 48.8214475], [2.297034, 48.8216582], [2.297205, 48.8218076], [2.297992, 48.8224512], [2.2979839, 48.8224561], [2.299244, 48.8234647], [2.3013179, 48.8251252], [2.3017791, 48.8250224], [2.3019807, 48.8249793], [2.3020093, 48.8249732], [2.3021285, 48.8249477], [2.3023384, 48.8249028], [2.3039796, 48.8245256], [2.3040036, 48.8245201], [2.3040461, 48.8245105], [2.304123, 48.8244931], [2.3043778, 48.8244361], [2.305836, 48.8241053], [2.3063461, 48.8239892], [2.3065022, 48.8239536], [2.3068117, 48.8238869], [2.3068902, 48.8238694], [2.3069878, 48.8238477], [2.3082963, 48.8235562], [2.308423, 48.823528], [2.3090563, 48.8233892], [2.3102584, 48.8231257], [2.3115241, 48.8228466], [2.3121195, 48.8227124], [2.3130139, 48.8225108], [2.3133857, 48.822427], [2.3133907, 48.8224327], [2.3138, 48.8223339], [2.314133, 48.8222632], [2.3136487, 48.8219452], [2.3133804, 48.8217428], [2.3126427, 48.8212243], [2.3120019, 48.8207584], [2.3113088, 48.8202612], [2.3111305, 48.8201313], [2.3108913, 48.8199384], [2.3107818, 48.8198657], [2.3107091, 48.8198023], [2.3105751, 48.8196983], [2.3105335, 48.8196674], [2.3103091, 48.8195043], [2.3102265, 48.8194425], [2.3101093, 48.8193516], [2.3099656, 48.8192432], [2.3096498, 48.8190048], [2.3094751, 48.8188742], [2.3092294, 48.8186906], [2.3087299, 48.818317], [2.3085789, 48.8182055], [2.3085434, 48.8181799], [2.3080391, 48.8178091], [2.3079916, 48.8177731], [2.3078859, 48.8176965], [2.3077427, 48.817601], [2.3077085, 48.8175725], [2.3075765, 48.8174687], [2.3071415, 48.8171492], [2.3066523, 48.816795], [2.306554, 48.8167239], [2.3065276, 48.8167046], [2.3062334, 48.8164933], [2.3058899, 48.816263], [2.3057516, 48.8161759], [2.3055415, 48.8160253], [2.3054212, 48.8159429], [2.3052912, 48.8158539], [2.3050621, 48.8156971], [2.3044063, 48.8152384], [2.304222, 48.8150985], [2.3039292, 48.8148631], [2.3036427, 48.8146328], [2.3035823, 48.8145841], [2.3034506, 48.8144779], [2.3025938, 48.8137932], [2.3025579, 48.8137652], [2.3024496, 48.8136607], [2.3021428, 48.813379], [2.3020834, 48.8133245], [2.3018031, 48.8130702], [2.3017179, 48.813], [2.3016415, 48.812942], [2.3015873, 48.8128946], [2.3015462, 48.8128542], [2.3015237, 48.81283], [2.3015046, 48.8128023], [2.3010986, 48.8123667], [2.3009404, 48.8122102], [2.3008943, 48.8121632], [2.300875, 48.8121435], [2.3008013, 48.8120684], [2.3007593, 48.8120212], [2.3006715, 48.8119366], [2.3006282, 48.8118949], [2.3003714, 48.8116475]]]}}, {"type": "Feature", "properties": {"osm": 59321, "name": "Vanves", "insee": "92075"}, "geometry": {"type": "Polygon", "coordinates": [[[2.3007147, 48.8252543], [2.3013179, 48.8251252], [2.299244, 48.8234647], [2.2979839, 48.8224561], [2.297992, 48.8224512], [2.297205, 48.8218076], [2.297034, 48.8216582], [2.2967809, 48.8214475], [2.2965918, 48.821289], [2.2962884, 48.8210138], [2.2961355, 48.8208896], [2.2954622, 48.820339], [2.2942228, 48.8195389], [2.2940759, 48.8194323], [2.2933336, 48.8189546], [2.2929631, 48.8187188], [2.2926411, 48.8185333], [2.2923108, 48.8183559], [2.2922852, 48.8183558], [2.2920149, 48.818214], [2.2920083, 48.8181946], [2.2912147, 48.8178204], [2.2912249, 48.8178109], [2.2911296, 48.817769], [2.2911178, 48.8177811], [2.2911301, 48.817786], [2.2911225, 48.8177932], [2.2910164, 48.817749], [2.2909157, 48.8177047], [2.29071, 48.8176137], [2.2902929, 48.8174248], [2.2899271, 48.817267], [2.2894639, 48.8170809], [2.2890017, 48.8168938], [2.2889963, 48.8168601], [2.2887938, 48.8168006], [2.2877876, 48.8164171], [2.2866612, 48.8160249], [2.2865835, 48.8160505], [2.2863701, 48.8159991], [2.2863604, 48.8159414], [2.2845136, 48.8154139], [2.2803937, 48.814612], [2.279501, 48.8144769], [2.2793264, 48.8144191], [2.2782308, 48.8142416], [2.2781214, 48.8143312], [2.278072, 48.8145343], [2.2780905, 48.8146584], [2.2780416, 48.8148375], [2.2779695, 48.8148862], [2.277879, 48.8149468], [2.2777304, 48.8150343], [2.2776735, 48.8150962], [2.27743, 48.8152195], [2.2773503, 48.8152598], [2.2772636, 48.8153046], [2.2772218, 48.8153259], [2.2771799, 48.8153479], [2.2770664, 48.815305], [2.276505, 48.8150998], [2.2762347, 48.8149976], [2.2760928, 48.8149496], [2.2741709, 48.8145304], [2.2729767, 48.8143992], [2.2728717, 48.8143973], [2.2726718, 48.8143935], [2.2725972, 48.814394], [2.2726208, 48.8144531], [2.2726424, 48.8144937], [2.2727464, 48.8146497], [2.2728249, 48.8147796], [2.2728617, 48.8148234], [2.2730505, 48.8150041], [2.2732838, 48.8152501], [2.2741708, 48.8159385], [2.2750387, 48.8166059], [2.2751432, 48.8166895], [2.2751453, 48.8166893], [2.2754714, 48.8169326], [2.2756129, 48.8170375], [2.2757406, 48.8171322], [2.275796, 48.8171733], [2.2759638, 48.8172076], [2.2769748, 48.8174145], [2.2770954, 48.8174485], [2.2772008, 48.8175249], [2.2779189, 48.8180419], [2.2780276, 48.8181233], [2.2788379, 48.8185637], [2.2790939, 48.8186679], [2.2794666, 48.8188187], [2.2794936, 48.818836], [2.2805523, 48.8195169], [2.2809248, 48.8197565], [2.2814361, 48.8200674], [2.2816154, 48.8201518], [2.2818669, 48.8202456], [2.2818446, 48.8202841], [2.2817741, 48.8204061], [2.2817288, 48.8204844], [2.2817129, 48.8205119], [2.2816091, 48.8206946], [2.2815863, 48.8207346], [2.2815692, 48.8207648], [2.2815587, 48.8207833], [2.2815493, 48.8207998], [2.2813911, 48.8210757], [2.2813652, 48.8211209], [2.2814847, 48.8211582], [2.28193, 48.8212973], [2.281794, 48.8215551], [2.2817866, 48.8215686], [2.2817077, 48.8217115], [2.2816973, 48.8217306], [2.2811088, 48.8228079], [2.2810926, 48.8228376], [2.2815692, 48.8230694], [2.2815587, 48.8230785], [2.2810679, 48.8235018], [2.2810116, 48.823508], [2.2810067, 48.8235336], [2.2809977, 48.8235753], [2.2809328, 48.8239932], [2.2809212, 48.8240624], [2.2809158, 48.8240946], [2.2808819, 48.8242972], [2.2808265, 48.8246291], [2.2808078, 48.8247409], [2.2802449, 48.8250623], [2.2800327, 48.8251928], [2.2808318, 48.8256366], [2.2805914, 48.8258315], [2.2805315, 48.8258801], [2.2805052, 48.8259014], [2.2830526, 48.8271085], [2.2831321, 48.8271464], [2.2831503, 48.8271551], [2.2843915, 48.8275142], [2.2845637, 48.8275095], [2.2846617, 48.8275069], [2.2857914, 48.8274761], [2.2858994, 48.8274761], [2.2860568, 48.827476], [2.2871956, 48.8274719], [2.2873233, 48.8275225], [2.2873981, 48.8275198], [2.2878684, 48.8275115], [2.2879195, 48.8275622], [2.2866154, 48.8284501], [2.2866495, 48.8285007], [2.287774, 48.8282369], [2.2893877, 48.8283239], [2.2909034, 48.8276894], [2.291941, 48.8272551], [2.2920118, 48.8272254], [2.2920586, 48.8272058], [2.2921348, 48.8271739], [2.2922207, 48.8271379], [2.2923156, 48.8271168], [2.2938163, 48.8267822], [2.2942296, 48.8266901], [2.2950122, 48.8265117], [2.2969937, 48.8260598], [2.2976469, 48.8259109], [2.3002858, 48.8253461], [2.3004885, 48.8253115], [2.3007147, 48.8252543]]]}}, {"type": "Feature", "properties": {"osm": 67685, "name": "Pantin", "insee": "93055"}, "geometry": {"type": "Polygon", "coordinates": [[[2.4100647, 48.9098201], [2.410089, 48.9098429], [2.4101149, 48.9098671], [2.4109251, 48.9106265], [2.4112496, 48.9109307], [2.4113765, 48.9110479], [2.4114506, 48.9111192], [2.4115579, 48.9112197], [2.41198, 48.9116423], [2.4117902, 48.9117257], [2.4116326, 48.9117949], [2.4115844, 48.9118153], [2.4114086, 48.911899], [2.4104724, 48.9123276], [2.4090822, 48.9129376], [2.4089762, 48.9129865], [2.4085415, 48.9131871], [2.4084725, 48.9132189], [2.4078374, 48.9135066], [2.4076946, 48.9135717], [2.4073052, 48.9137492], [2.4062924, 48.9142117], [2.4060435, 48.9143189], [2.4056974, 48.9144252], [2.4056653, 48.9144328], [2.4047922, 48.9146403], [2.4041168, 48.9147761], [2.4043565, 48.9150057], [2.4048614, 48.9154834], [2.4057394, 48.9162925], [2.4060662, 48.9165948], [2.4068183, 48.9172907], [2.4076446, 48.9180362], [2.407807, 48.9179614], [2.4079339, 48.9179029], [2.4084418, 48.9176661], [2.4089922, 48.9173858], [2.4091989, 48.9172392], [2.4096022, 48.9169629], [2.4096798, 48.9169081], [2.4098679, 48.9167751], [2.4100426, 48.9166172], [2.4101797, 48.9165469], [2.4104467, 48.9164098], [2.4105447, 48.916374], [2.410658, 48.9163326], [2.411134, 48.9161586], [2.4111723, 48.9161446], [2.4113478, 48.9160763], [2.4114613, 48.9160331], [2.4120386, 48.9158137], [2.4124618, 48.915633], [2.4127021, 48.9155541], [2.4128394, 48.915492], [2.412951, 48.9154131], [2.4130626, 48.9153454], [2.4130111, 48.9153002], [2.4130025, 48.9152382], [2.4131516, 48.9146969], [2.4132342, 48.9143865], [2.4133989, 48.9143307], [2.4133344, 48.9135888], [2.413652, 48.9132899], [2.4137636, 48.9129909], [2.4140468, 48.9127089], [2.4144502, 48.9123479], [2.4147335, 48.9122745], [2.4151798, 48.9120658], [2.4154685, 48.9119258], [2.4150594, 48.9112751], [2.4149858, 48.911219], [2.4148953, 48.9111676], [2.4147877, 48.9111261], [2.4146688, 48.9110989], [2.4145512, 48.9110681], [2.4140766, 48.9109592], [2.413818, 48.9109003], [2.4136853, 48.9108684], [2.4138186, 48.9108054], [2.413906, 48.9107655], [2.4141497, 48.9106544], [2.4140813, 48.9105996], [2.4140608, 48.9105832], [2.4129649, 48.9097229], [2.4130326, 48.9096915], [2.4134233, 48.9095102], [2.4137891, 48.9093311], [2.4140962, 48.9091851], [2.4142031, 48.9091342], [2.4146039, 48.9089437], [2.4143274, 48.908692], [2.4143075, 48.9086738], [2.4140062, 48.9083993], [2.4137057, 48.9081255], [2.4134091, 48.9078552], [2.4131133, 48.9075857], [2.4128141, 48.9073131], [2.4125095, 48.9070355], [2.4122192, 48.906771], [2.4119233, 48.9065013], [2.411628, 48.9062322], [2.4124637, 48.9058346], [2.4133256, 48.9054094], [2.4141815, 48.9050059], [2.4150074, 48.9046272], [2.4158427, 48.9042305], [2.4166691, 48.903838], [2.4170027, 48.9036796], [2.4171009, 48.9036329], [2.4171746, 48.9035979], [2.4174633, 48.9035392], [2.4175079, 48.9035077], [2.4177614, 48.9033273], [2.4179129, 48.9032293], [2.4180379, 48.9031652], [2.4181063, 48.9031305], [2.4182763, 48.9030571], [2.4185836, 48.9029459], [2.4191166, 48.9027461], [2.4195616, 48.9025749], [2.4197916, 48.9024898], [2.4202158, 48.9023551], [2.4204442, 48.902288], [2.4206564, 48.9022526], [2.4208604, 48.9022014], [2.4209504, 48.9021721], [2.421259, 48.9020768], [2.4232824, 48.89863], [2.4243864, 48.8967493], [2.4240961, 48.8960922], [2.4241491, 48.8958225], [2.4240119, 48.8952633], [2.4240024, 48.8952245], [2.4249901, 48.8954079], [2.4268924, 48.8957563], [2.4276678, 48.8958983], [2.4274688, 48.8952533], [2.42663, 48.8929798], [2.4265911, 48.8929793], [2.425439, 48.8930711], [2.4253258, 48.8924738], [2.425264, 48.8920918], [2.4248309, 48.8921157], [2.4243015, 48.8921448], [2.4241529, 48.8916027], [2.4244124, 48.8915582], [2.4243064, 48.8909944], [2.4239289, 48.8909926], [2.423852, 48.8906645], [2.4223816, 48.8890427], [2.4225749, 48.8890052], [2.4224695, 48.88868], [2.4224197, 48.8876142], [2.4223187, 48.8875689], [2.422275, 48.8875391], [2.4222497, 48.8875205], [2.4221838, 48.8874543], [2.4221002, 48.8873386], [2.422055, 48.8872692], [2.4218244, 48.8871493], [2.4212306, 48.8868678], [2.4208275, 48.8866799], [2.4205882, 48.8865688], [2.4202696, 48.8867596], [2.4201052, 48.8865589], [2.4196101, 48.8859615], [2.4187938, 48.8849765], [2.4185041, 48.8847132], [2.4183064, 48.8846033], [2.4178363, 48.884342], [2.4173142, 48.8840252], [2.417232, 48.8840734], [2.4171118, 48.8841581], [2.4171093, 48.8841594], [2.4170864, 48.8841759], [2.417015, 48.8842262], [2.4170845, 48.8842524], [2.4170379, 48.8843461], [2.4170332, 48.8843563], [2.4169995, 48.8844309], [2.4169777, 48.8844771], [2.4163323, 48.884338], [2.4158477, 48.8842336], [2.41562, 48.8841896], [2.4152593, 48.8839024], [2.4150881, 48.8837557], [2.4149431, 48.8836203], [2.4148417, 48.8835695], [2.4145619, 48.8834284], [2.4136475, 48.8832232], [2.4136212, 48.8832156], [2.4132434, 48.8831319], [2.4131116, 48.8831033], [2.4130072, 48.8830793], [2.4130925, 48.8836057], [2.4124583, 48.8834338], [2.4119438, 48.8833093], [2.4114919, 48.8832137], [2.4115398, 48.8833795], [2.4115518, 48.8836648], [2.4114769, 48.8839563], [2.4113692, 48.8843074], [2.4111982, 48.8848533], [2.4108623, 48.8847802], [2.4105996, 48.8846878], [2.4102433, 48.8851672], [2.4102319, 48.8852186], [2.4100131, 48.8860945], [2.4099958, 48.8868118], [2.4100192, 48.8872158], [2.4103039, 48.8872483], [2.410208, 48.88795], [2.4101037, 48.888991], [2.4101008, 48.8891389], [2.4093098, 48.8890542], [2.4091514, 48.888746], [2.4072711, 48.8883578], [2.4067415, 48.8883195], [2.406723, 48.8883248], [2.4066285, 48.8883184], [2.4062587, 48.8882904], [2.40614, 48.8882829], [2.4058436, 48.8882939], [2.4057776, 48.8882967], [2.4051719, 48.8883227], [2.4050988, 48.8883271], [2.4038799, 48.8883812], [2.4038077, 48.8883844], [2.4037884, 48.8883853], [2.4036756, 48.8883926], [2.4035554, 48.8884051], [2.4026439, 48.8885039], [2.4024936, 48.8885202], [2.4023812, 48.8885326], [2.4016409, 48.8886144], [2.4015285, 48.8886268], [2.4015455, 48.8887407], [2.4016009, 48.8891115], [2.401688, 48.8896458], [2.401651, 48.8896442], [2.4015863, 48.8896414], [2.4007182, 48.8896087], [2.4005419, 48.8896025], [2.4002394, 48.8895945], [2.4000168, 48.8895882], [2.3989152, 48.8895628], [2.3987974, 48.89024], [2.3986237, 48.8913434], [2.398286, 48.8926313], [2.3981193, 48.8932835], [2.3980795, 48.8934363], [2.3980461, 48.8935581], [2.3980285, 48.8936194], [2.3980216, 48.8936459], [2.3980139, 48.8936755], [2.3977623, 48.8945923], [2.397727, 48.8946512], [2.397073, 48.8957432], [2.3970261, 48.8958206], [2.3969977, 48.8958673], [2.3969294, 48.895982], [2.3964598, 48.8967483], [2.396441, 48.8967793], [2.3960266, 48.8974517], [2.3957809, 48.8978504], [2.3955274, 48.8982617], [2.39374, 48.8992669], [2.391278, 48.9006561], [2.3912233, 48.9006873], [2.3912182, 48.9006901], [2.3912105, 48.9006945], [2.3906903, 48.900981], [2.3893896, 48.9012193], [2.3903934, 48.9021049], [2.3918721, 48.9034754], [2.3922447, 48.9038196], [2.3929904, 48.9044983], [2.3934577, 48.9049235], [2.3937679, 48.9051969], [2.3945467, 48.9058835], [2.3945746, 48.9059108], [2.3953716, 48.9066745], [2.3954242, 48.9067259], [2.395841, 48.9071305], [2.3961875, 48.9074565], [2.3963061, 48.9075634], [2.3964055, 48.9076592], [2.3966651, 48.9078909], [2.3970807, 48.9083072], [2.3971989, 48.9084148], [2.3972473, 48.9084607], [2.3974513, 48.9086464], [2.3977383, 48.9089114], [2.3978748, 48.9090439], [2.3980361, 48.9091802], [2.4004071, 48.9113379], [2.4005047, 48.9113011], [2.4006071, 48.9112624], [2.4008403, 48.9111148], [2.4009347, 48.9110132], [2.4009862, 48.910923], [2.4010549, 48.910844], [2.401175, 48.9107876], [2.4016385, 48.9105507], [2.402308, 48.9101953], [2.4026485, 48.9099899], [2.4028383, 48.9098362], [2.4030176, 48.9096909], [2.4036184, 48.9093976], [2.4044062, 48.9090203], [2.40482, 48.9088222], [2.405953, 48.9087488], [2.4065367, 48.9087488], [2.4076696, 48.908935], [2.4088026, 48.9091832], [2.4099495, 48.9097121], [2.4100647, 48.9098201]]]}}, {"type": "Feature", "properties": {"osm": 67826, "name": "Le Pr\u00e9-Saint-Gervais", "insee": "93061"}, "geometry": {"type": "Polygon", "coordinates": [[[2.4108392, 48.878426], [2.409293, 48.8802781], [2.4083783, 48.8803825], [2.4071395, 48.8805138], [2.4046122, 48.8812198], [2.4037173, 48.8814851], [2.4014693, 48.8826113], [2.4000919, 48.8838165], [2.3992165, 48.8854211], [2.399208, 48.8858693], [2.3992069, 48.8865405], [2.3992054, 48.886712], [2.3991945, 48.8876351], [2.3991941, 48.8876735], [2.3991897, 48.8882343], [2.3991689, 48.8883292], [2.3989152, 48.8895628], [2.4000168, 48.8895882], [2.4002394, 48.8895945], [2.4005419, 48.8896025], [2.4007182, 48.8896087], [2.4015863, 48.8896414], [2.401651, 48.8896442], [2.401688, 48.8896458], [2.4016009, 48.8891115], [2.4015455, 48.8887407], [2.4015285, 48.8886268], [2.4016409, 48.8886144], [2.4023812, 48.8885326], [2.4024936, 48.8885202], [2.4026439, 48.8885039], [2.4035554, 48.8884051], [2.4036756, 48.8883926], [2.4037884, 48.8883853], [2.4038077, 48.8883844], [2.4038799, 48.8883812], [2.4050988, 48.8883271], [2.4051719, 48.8883227], [2.4057776, 48.8882967], [2.4058436, 48.8882939], [2.40614, 48.8882829], [2.4062587, 48.8882904], [2.4066285, 48.8883184], [2.406723, 48.8883248], [2.4067415, 48.8883195], [2.4072711, 48.8883578], [2.4091514, 48.888746], [2.4093098, 48.8890542], [2.4101008, 48.8891389], [2.4101037, 48.888991], [2.410208, 48.88795], [2.4103039, 48.8872483], [2.4100192, 48.8872158], [2.4099958, 48.8868118], [2.4100131, 48.8860945], [2.4102319, 48.8852186], [2.4102433, 48.8851672], [2.4105996, 48.8846878], [2.4108623, 48.8847802], [2.4111982, 48.8848533], [2.4113692, 48.8843074], [2.4114769, 48.8839563], [2.4115518, 48.8836648], [2.4115398, 48.8833795], [2.4114919, 48.8832137], [2.4114888, 48.8832122], [2.4114484, 48.8831065], [2.4113869, 48.882976], [2.4113059, 48.8827851], [2.4112039, 48.88255], [2.4111395, 48.8821787], [2.4111147, 48.8819359], [2.4111085, 48.8817515], [2.4111364, 48.881572], [2.4111842, 48.8813907], [2.4113456, 48.8811257], [2.4113878, 48.8810605], [2.411622, 48.8806825], [2.4118401, 48.8803246], [2.4118514, 48.8803028], [2.4118837, 48.8802151], [2.4119392, 48.8801036], [2.4119691, 48.8797232], [2.4119731, 48.8797087], [2.4119816, 48.8796973], [2.4120343, 48.8796547], [2.4121685, 48.879562], [2.412079, 48.8794888], [2.4119423, 48.8793634], [2.4119342, 48.879353], [2.4119288, 48.8793431], [2.4119228, 48.8793268], [2.4119189, 48.879303], [2.4119311, 48.8790431], [2.411961, 48.8788559], [2.4120048, 48.8787561], [2.4118044, 48.8787064], [2.4108876, 48.8784383], [2.4108392, 48.878426]]]}}, {"type": "Feature", "properties": {"osm": 72020, "name": "Boulogne-Billancourt", "insee": "92012"}, "geometry": {"type": "Polygon", "coordinates": [[[2.2535309, 48.8367392], [2.2541952, 48.8359204], [2.2550686, 48.8349039], [2.2551536, 48.834805], [2.2553201, 48.8347857], [2.25558, 48.8347556], [2.2561685, 48.8346875], [2.2568402, 48.8346094], [2.2569964, 48.8345916], [2.2571084, 48.8345789], [2.2574584, 48.8345392], [2.2594655, 48.8343047], [2.2611657, 48.8341061], [2.2613142, 48.8340906], [2.2615158, 48.8340696], [2.2615288, 48.8340683], [2.2616456, 48.8340561], [2.2620167, 48.8340108], [2.2627757, 48.833918], [2.2618532, 48.8328786], [2.260963, 48.831957], [2.2604191, 48.8314673], [2.2602028, 48.8313035], [2.2601803, 48.8312911], [2.2589758, 48.8306254], [2.2589273, 48.8305986], [2.258873, 48.8305686], [2.2588188, 48.8305394], [2.2587683, 48.8305122], [2.2575647, 48.8298641], [2.2567822, 48.8293836], [2.2563034, 48.8290594], [2.2530346, 48.8266243], [2.2522764, 48.8261194], [2.2518523, 48.825861], [2.2509534, 48.8253696], [2.2505258, 48.8251619], [2.2496503, 48.8248214], [2.2487548, 48.8245522], [2.2447127, 48.8233369], [2.244164, 48.823193], [2.2434018, 48.8230234], [2.2422237, 48.8227929], [2.2418725, 48.8227081], [2.2414778, 48.8225782], [2.2402518, 48.8220794], [2.2396872, 48.8218715], [2.2393484, 48.8217769], [2.238976, 48.8216921], [2.2383354, 48.8215899], [2.2380983, 48.8215593], [2.2373918, 48.8215054], [2.2370813, 48.8214969], [2.236561, 48.8215153], [2.2360418, 48.8215748], [2.2357127, 48.8216391], [2.2343808, 48.821996], [2.233847, 48.8222315], [2.2333571, 48.8224913], [2.2327393, 48.8228119], [2.2313524, 48.823507], [2.2301247, 48.8242984], [2.2291553, 48.8250748], [2.2285799, 48.8256222], [2.2280589, 48.8261904], [2.227423, 48.8270692], [2.2273655, 48.8271727], [2.2273294, 48.8272799], [2.2273271, 48.8274268], [2.2273566, 48.8276623], [2.227401, 48.827845], [2.2274157, 48.8279678], [2.2274036, 48.8281235], [2.2273449, 48.8282842], [2.2271747, 48.8285458], [2.2271183, 48.8286302], [2.2268247, 48.8292367], [2.2265338, 48.8302292], [2.2263009, 48.8316452], [2.226081, 48.8323692], [2.2256861, 48.8330438], [2.2252366, 48.8336804], [2.224093, 48.835158], [2.223888, 48.835402], [2.223804, 48.835495], [2.223642, 48.83573], [2.223524, 48.835912], [2.223409, 48.836094], [2.223297, 48.836278], [2.223189, 48.836462], [2.223142, 48.836558], [2.223099, 48.836655], [2.223058, 48.836752], [2.22302, 48.83685], [2.222985, 48.836948], [2.222954, 48.837046], [2.222925, 48.837145], [2.222899, 48.837245], [2.222876, 48.837344], [2.222855, 48.837444], [2.222839, 48.837544], [2.222825, 48.837645], [2.222813, 48.837745], [2.222805, 48.837846], [2.2228, 48.837946], [2.222799, 48.838148], [2.222803, 48.838249], [2.22281, 48.838349], [2.222822, 48.838486], [2.222838, 48.838622], [2.222855, 48.838758], [2.222876, 48.838894], [2.222899, 48.83903], [2.222925, 48.839166], [2.222954, 48.839301], [2.222986, 48.839437], [2.22302, 48.839572], [2.223057, 48.839706], [2.223096, 48.83984], [2.223138, 48.839974], [2.223184, 48.840108], [2.223231, 48.840241], [2.223267, 48.840335], [2.223281, 48.840373], [2.223334, 48.840506], [2.22339, 48.840637], [2.223567, 48.84116], [2.2236147, 48.8412905], [2.223815, 48.841839], [2.224269, 48.843047], [2.224376, 48.843364], [2.224522, 48.843813], [2.2248155, 48.844926], [2.225159, 48.84575], [2.225243, 48.845958], [2.225309, 48.846121], [2.225361, 48.846262], [2.225375, 48.846369], [2.225394, 48.846529], [2.225417, 48.846721], [2.22544, 48.84689], [2.22546, 48.847064], [2.2254774, 48.8472352], [2.225498, 48.847408], [2.225519, 48.84758], [2.225535, 48.847735], [2.225542, 48.847881], [2.225532, 48.848065], [2.225523, 48.848235], [2.225513, 48.848404], [2.225504, 48.848595], [2.225493, 48.848767], [2.225481, 48.848937], [2.225469, 48.849088], [2.225456, 48.849242], [2.225447, 48.849368], [2.225437, 48.849482], [2.22542, 48.849572], [2.225382, 48.849721], [2.225348, 48.849869], [2.225323, 48.849962], [2.225291, 48.850094], [2.225251, 48.850257], [2.225219, 48.85038], [2.22518, 48.850529], [2.225135, 48.850688], [2.225091, 48.850834], [2.225037, 48.851016], [2.224973, 48.851231], [2.224935, 48.85136], [2.224896, 48.851486], [2.224862, 48.851589], [2.224813, 48.851711], [2.224771, 48.85182], [2.224723, 48.851933], [2.224676, 48.852057], [2.224634, 48.852158], [2.224596, 48.852256], [2.224546, 48.852372], [2.224504, 48.852477], [2.224455, 48.852608], [2.224411, 48.85271], [2.224373, 48.852811], [2.224348, 48.852873], [2.224331, 48.852913], [2.224282, 48.853049], [2.224238, 48.853183], [2.2241686, 48.853442], [2.2255596, 48.8531357], [2.2263608, 48.8529593], [2.2377999, 48.8504401], [2.2381442, 48.8503673], [2.239084, 48.8501602], [2.2393245, 48.850107], [2.2395581, 48.8500379], [2.2396971, 48.8499782], [2.2399504, 48.8498536], [2.2401177, 48.8497483], [2.2403097, 48.8496004], [2.2414249, 48.8486374], [2.2415047, 48.8485684], [2.2415171, 48.8485577], [2.2415952, 48.8484903], [2.2420889, 48.848059], [2.242352, 48.8478301], [2.2424666, 48.847731], [2.2430008, 48.8475951], [2.2467289, 48.8466377], [2.2478922, 48.8463373], [2.2497544, 48.8458481], [2.2504219, 48.845688], [2.2504945, 48.8456704], [2.2505439, 48.8456557], [2.2506759, 48.8456268], [2.2508285, 48.8456087], [2.2508721, 48.8456004], [2.2509157, 48.8456], [2.2509427, 48.8456004], [2.2525351, 48.8455694], [2.2512224, 48.8428631], [2.251242, 48.8426798], [2.2512721, 48.8423977], [2.2512997, 48.842109], [2.2513016, 48.8420893], [2.2513072, 48.8420393], [2.2514062, 48.8411523], [2.2514931, 48.8403644], [2.2515294, 48.8400074], [2.2515678, 48.8396486], [2.2516068, 48.8392845], [2.2516489, 48.8389058], [2.2520553, 48.8384274], [2.2520859, 48.8383916], [2.2522187, 48.8382361], [2.2523281, 48.8381405], [2.2530136, 48.8373107], [2.2533009, 48.8369684], [2.253408, 48.8368632], [2.2535309, 48.8367392]]]}}, {"type": "Feature", "properties": {"osm": 72148, "name": "Saint-Cloud", "insee": "92064"}, "geometry": {"type": "Polygon", "coordinates": [[[2.2257078, 48.8594357], [2.22543, 48.858914], [2.225286, 48.858627], [2.22523, 48.858519], [2.225116, 48.858268], [2.225056, 48.858124], [2.225001, 48.85798], [2.224877, 48.857605], [2.224789, 48.857329], [2.224579, 48.856632], [2.224466, 48.856232], [2.224371, 48.85581], [2.224317, 48.85555], [2.224257, 48.855241], [2.224158, 48.854615], [2.224122, 48.854199], [2.224125, 48.85402], [2.224125, 48.853869], [2.224129, 48.853759], [2.224135, 48.853654], [2.224143, 48.853578], [2.2241606, 48.8534778], [2.2241686, 48.853442], [2.224238, 48.853183], [2.224282, 48.853049], [2.224331, 48.852913], [2.224348, 48.852873], [2.224373, 48.852811], [2.224411, 48.85271], [2.224455, 48.852608], [2.224504, 48.852477], [2.224546, 48.852372], [2.224596, 48.852256], [2.224634, 48.852158], [2.224676, 48.852057], [2.224723, 48.851933], [2.224771, 48.85182], [2.224813, 48.851711], [2.224862, 48.851589], [2.224896, 48.851486], [2.224935, 48.85136], [2.224973, 48.851231], [2.225037, 48.851016], [2.225091, 48.850834], [2.225135, 48.850688], [2.22518, 48.850529], [2.225219, 48.85038], [2.225251, 48.850257], [2.225291, 48.850094], [2.225323, 48.849962], [2.225348, 48.849869], [2.225382, 48.849721], [2.22542, 48.849572], [2.225437, 48.849482], [2.225447, 48.849368], [2.225456, 48.849242], [2.225469, 48.849088], [2.225481, 48.848937], [2.225493, 48.848767], [2.225504, 48.848595], [2.225513, 48.848404], [2.225523, 48.848235], [2.225532, 48.848065], [2.225542, 48.847881], [2.225535, 48.847735], [2.225519, 48.84758], [2.225498, 48.847408], [2.2254774, 48.8472352], [2.22546, 48.847064], [2.22544, 48.84689], [2.225417, 48.846721], [2.225394, 48.846529], [2.225375, 48.846369], [2.225361, 48.846262], [2.225309, 48.846121], [2.225243, 48.845958], [2.225159, 48.84575], [2.2248155, 48.844926], [2.224522, 48.843813], [2.224376, 48.843364], [2.224269, 48.843047], [2.223815, 48.841839], [2.2236147, 48.8412905], [2.223567, 48.84116], [2.22339, 48.840637], [2.223334, 48.840506], [2.223281, 48.840373], [2.223267, 48.840335], [2.223231, 48.840241], [2.223184, 48.840108], [2.223138, 48.839974], [2.223096, 48.83984], [2.223057, 48.839706], [2.22302, 48.839572], [2.222986, 48.839437], [2.222954, 48.839301], [2.222925, 48.839166], [2.222899, 48.83903], [2.222876, 48.838894], [2.222855, 48.838758], [2.222838, 48.838622], [2.222822, 48.838486], [2.22281, 48.838349], [2.222803, 48.838249], [2.222799, 48.838148], [2.2228, 48.837946], [2.222805, 48.837846], [2.222813, 48.837745], [2.222825, 48.837645], [2.222839, 48.837544], [2.222855, 48.837444], [2.222876, 48.837344], [2.222899, 48.837245], [2.222925, 48.837145], [2.222954, 48.837046], [2.222985, 48.836948], [2.22302, 48.83685], [2.223058, 48.836752], [2.223099, 48.836655], [2.223142, 48.836558], [2.223189, 48.836462], [2.223297, 48.836278], [2.223409, 48.836094], [2.223524, 48.835912], [2.223642, 48.83573], [2.223804, 48.835495], [2.223888, 48.835402], [2.224093, 48.835158], [2.222671, 48.8353034], [2.2220682, 48.835385], [2.2220925, 48.8350587], [2.2221167, 48.8347091], [2.2221889, 48.8325993], [2.222531, 48.8312992], [2.2228789, 48.8307214], [2.2238159, 48.8297405], [2.2236535, 48.8297006], [2.223556, 48.8296767], [2.2232069, 48.829591], [2.2230443, 48.8295511], [2.2229745, 48.829534], [2.2220423, 48.8293051], [2.2219695, 48.8292473], [2.2218879, 48.8292144], [2.2217857, 48.829195], [2.2216719, 48.8292123], [2.2215897, 48.8291388], [2.2215059, 48.829064], [2.2212828, 48.8288646], [2.2208214, 48.8284522], [2.221549, 48.8271959], [2.2215895, 48.8271217], [2.2216073, 48.8270907], [2.2216419, 48.8270308], [2.2194043, 48.8266181], [2.2192487, 48.8265441], [2.2188728, 48.8263653], [2.2187417, 48.8264735], [2.2184296, 48.8267309], [2.218592, 48.8269521], [2.2181007, 48.8274081], [2.2171543, 48.8274673], [2.2167271, 48.8274941], [2.2140521, 48.8276615], [2.2133012, 48.8276003], [2.2129846, 48.8276022], [2.2110423, 48.8276318], [2.2094745, 48.8281211], [2.206941, 48.8288697], [2.2005841, 48.8298823], [2.199524, 48.8298146], [2.1994254, 48.8298083], [2.1993663, 48.8298038], [2.1982961, 48.8297229], [2.1968742, 48.8298027], [2.1958434, 48.829655], [2.1942991, 48.8294261], [2.1942205, 48.8294348], [2.1941015, 48.8294988], [2.1939002, 48.8295631], [2.1937863, 48.8296209], [2.193627, 48.8295572], [2.1932498, 48.8293782], [2.1919399, 48.8292759], [2.1910142, 48.8292403], [2.1901098, 48.8293718], [2.1894673, 48.8292419], [2.1889265, 48.8291376], [2.1881297, 48.82889], [2.187552, 48.8287774], [2.1875077, 48.8288675], [2.1861576, 48.8288526], [2.1849835, 48.8292177], [2.1847666, 48.8288613], [2.1807546, 48.8306292], [2.1811447, 48.8309146], [2.1830357, 48.8322788], [2.1852855, 48.8338991], [2.1856198, 48.8347248], [2.1863222, 48.8364766], [2.1866966, 48.8368339], [2.1866619, 48.8368504], [2.1874073, 48.8375424], [2.1871962, 48.8377484], [2.1874748, 48.8379464], [2.1878267, 48.8381863], [2.1881531, 48.8384002], [2.1878385, 48.8386728], [2.1876127, 48.8388678], [2.1875515, 48.8389245], [2.1881229, 48.8390943], [2.1883695, 48.839167], [2.1891438, 48.8393952], [2.1894539, 48.8394809], [2.1897964, 48.8395618], [2.1899139, 48.8395901], [2.1905587, 48.8397157], [2.1911047, 48.8398184], [2.1915013, 48.8398956], [2.191727, 48.839943], [2.1922873, 48.8400852], [2.1931539, 48.8403702], [2.193381, 48.8404196], [2.1935019, 48.8404704], [2.1940749, 48.8406186], [2.1969331, 48.8411668], [2.1974694, 48.8412665], [2.1979529, 48.8413597], [2.1984513, 48.8414528], [2.1988006, 48.8414964], [2.198795, 48.8415601], [2.1987873, 48.8416025], [2.1988292, 48.841747], [2.1988922, 48.8419765], [2.1989425, 48.842149], [2.1989746, 48.8423131], [2.1990442, 48.8426717], [2.1990829, 48.842873], [2.1990874, 48.8428951], [2.1990871, 48.8429048], [2.1990861, 48.8429274], [2.1990736, 48.8429962], [2.1989985, 48.8435635], [2.1989939, 48.8435962], [2.198994, 48.8436856], [2.1989906, 48.8438235], [2.198995, 48.8439508], [2.1989895, 48.8440317], [2.1989846, 48.8440637], [2.1989727, 48.8441051], [2.1989572, 48.844152], [2.1989268, 48.8442074], [2.1988846, 48.8442828], [2.1988632, 48.8443085], [2.1988323, 48.8443413], [2.1987985, 48.8443756], [2.198582, 48.8445562], [2.1985736, 48.8445633], [2.1985065, 48.8446197], [2.1984846, 48.8446377], [2.1984772, 48.8446448], [2.1984304, 48.8446944], [2.1983948, 48.8447325], [2.1981692, 48.8451804], [2.1980473, 48.8454154], [2.1980185, 48.845471], [2.1980004, 48.8455144], [2.1979767, 48.8455692], [2.1979078, 48.8458183], [2.1978928, 48.8458723], [2.1978732, 48.845957], [2.1978251, 48.8462254], [2.1977959, 48.8464802], [2.1977803, 48.8468478], [2.1978359, 48.8473721], [2.1983889, 48.8476442], [2.1991448, 48.8479674], [2.1991972, 48.8479911], [2.1997917, 48.848296], [2.2004003, 48.8486528], [2.2007063, 48.8488345], [2.2009491, 48.8489989], [2.2012323, 48.8491936], [2.2015237, 48.8493938], [2.2016748, 48.8494867], [2.2019204, 48.8496118], [2.2021769, 48.8497192], [2.2030971, 48.8500992], [2.2032039, 48.8501435], [2.2036044, 48.850316], [2.2038775, 48.8504379], [2.2039992, 48.850516], [2.2044504, 48.8507895], [2.2046237, 48.8508723], [2.2048486, 48.8509509], [2.2050905, 48.8510366], [2.2051193, 48.8510462], [2.2052006, 48.8511096], [2.205258, 48.8511808], [2.2055225, 48.8518334], [2.2052964, 48.8518796], [2.2048413, 48.8519759], [2.2044105, 48.8520664], [2.2043741, 48.8520845], [2.204095, 48.8521578], [2.2038994, 48.852217], [2.2037092, 48.8522887], [2.2032452, 48.8524751], [2.2031027, 48.8525345], [2.2028477, 48.8526408], [2.2023265, 48.8528319], [2.2017224, 48.8530355], [2.2014759, 48.8531201], [2.2011032, 48.8532693], [2.2009863, 48.853322], [2.2004707, 48.8536058], [2.200397, 48.8536499], [2.2002321, 48.8537459], [2.1996926, 48.8540601], [2.1994892, 48.8541489], [2.1992666, 48.8542377], [2.1986656, 48.8544671], [2.1985128, 48.8545254], [2.1983805, 48.8545729], [2.1980134, 48.8546985], [2.1978816, 48.8547554], [2.1982859, 48.8549734], [2.1983031, 48.8549595], [2.1984425, 48.855031], [2.1985878, 48.8551058], [2.198704, 48.8551932], [2.19889, 48.855333], [2.1988528, 48.8553469], [2.1988333, 48.8553541], [2.199349, 48.8558038], [2.199541, 48.8559713], [2.2004849, 48.856794], [2.2007657, 48.8570382], [2.2012649, 48.8573306], [2.2018221, 48.857505], [2.2020227, 48.8577667], [2.20254, 48.8584437], [2.2026267, 48.8586166], [2.2029269, 48.8592213], [2.2033526, 48.8600798], [2.2034883, 48.8603536], [2.2036035, 48.8605911], [2.2052077, 48.8602888], [2.2056339, 48.8602871], [2.2059168, 48.8602997], [2.2061427, 48.86033], [2.2063961, 48.8603694], [2.2069391, 48.8604578], [2.2073797, 48.8605623], [2.207704, 48.8606132], [2.2083459, 48.8606821], [2.2088933, 48.8607495], [2.2095756, 48.8608564], [2.2104786, 48.8610442], [2.2109356, 48.8611667], [2.2113743, 48.8612837], [2.2125819, 48.8616454], [2.2126539, 48.8615196], [2.2130233, 48.860876], [2.2136849, 48.8594624], [2.2137368, 48.8594307], [2.2137648, 48.8594193], [2.2138053, 48.859406], [2.2138588, 48.859396], [2.2138892, 48.8593943], [2.2139204, 48.8593914], [2.2140571, 48.8594054], [2.2142668, 48.8594404], [2.2142873, 48.8594472], [2.2143587, 48.8594562], [2.214817, 48.8595698], [2.2149036, 48.8595906], [2.2150755, 48.8596284], [2.2152658, 48.8596677], [2.2154492, 48.8596991], [2.2155667, 48.8597162], [2.2156863, 48.8597335], [2.2158895, 48.8597581], [2.2161065, 48.8597786], [2.2163076, 48.8597944], [2.2165132, 48.8597962], [2.217006, 48.8597946], [2.2170494, 48.8597945], [2.2171616, 48.8597923], [2.217231, 48.8597924], [2.2180495, 48.859808], [2.2180853, 48.859809], [2.2181785, 48.8598107], [2.2182335, 48.8598116], [2.2182718, 48.8598122], [2.2187991, 48.8598226], [2.2188795, 48.8598256], [2.21897, 48.8598319], [2.2192217, 48.8598531], [2.2193678, 48.8598679], [2.2195955, 48.8598888], [2.219994, 48.8599271], [2.220135, 48.8599428], [2.2201823, 48.8599453], [2.2205486, 48.8599526], [2.2206734, 48.859955], [2.2210036, 48.8599613], [2.2211011, 48.8599602], [2.2215052, 48.8599556], [2.2215861, 48.8599468], [2.2216402, 48.8599409], [2.2218884, 48.8599141], [2.2223255, 48.8598663], [2.2223863, 48.8598592], [2.2224098, 48.8598564], [2.2224631, 48.8598499], [2.2230881, 48.8597726], [2.2239487, 48.8596633], [2.2240535, 48.85965], [2.2241444, 48.8596385], [2.224536, 48.859586], [2.2257078, 48.8594357]]]}}, {"type": "Feature", "properties": {"osm": 72258, "name": "Suresnes", "insee": "92073"}, "geometry": {"type": "Polygon", "coordinates": [[[2.2125819, 48.8616454], [2.2113743, 48.8612837], [2.2109356, 48.8611667], [2.2104786, 48.8610442], [2.2095756, 48.8608564], [2.2088933, 48.8607495], [2.2083459, 48.8606821], [2.207704, 48.8606132], [2.2073797, 48.8605623], [2.2069391, 48.8604578], [2.2063961, 48.8603694], [2.2061427, 48.86033], [2.2059168, 48.8602997], [2.2056339, 48.8602871], [2.2052077, 48.8602888], [2.2036035, 48.8605911], [2.1997654, 48.8613984], [2.1997761, 48.861421], [2.2001694, 48.8622435], [2.2003387, 48.8625958], [2.200515, 48.8629661], [2.2006654, 48.8632799], [2.2008279, 48.8636208], [2.2008965, 48.8637646], [2.2010211, 48.8640271], [2.2010288, 48.8640424], [2.2014904, 48.8650155], [2.2020439, 48.8661874], [2.2027041, 48.8658357], [2.203488, 48.8654178], [2.2036263, 48.865382], [2.2036551, 48.8653745], [2.2037715, 48.8653444], [2.2041879, 48.8652366], [2.2046115, 48.865127], [2.2047021, 48.8651097], [2.2047375, 48.8651032], [2.2049547, 48.8650615], [2.2057842, 48.8649037], [2.2062345, 48.8648182], [2.2063456, 48.8647972], [2.2065567, 48.8647569], [2.2069667, 48.8646789], [2.2073569, 48.8645668], [2.2074068, 48.8645521], [2.2074217, 48.8645481], [2.2074408, 48.8645423], [2.2077633, 48.8644158], [2.207812, 48.8644896], [2.207941, 48.8647325], [2.2079916, 48.8648295], [2.2080553, 48.8649519], [2.2081512, 48.865132], [2.2081858, 48.86519], [2.2082796, 48.8653477], [2.2083728, 48.8655418], [2.2086953, 48.866203], [2.2087137, 48.8662402], [2.2087324, 48.8662759], [2.2087853, 48.8663735], [2.2091495, 48.8670923], [2.2099137, 48.8668438], [2.2105208, 48.8667534], [2.2114132, 48.8666972], [2.211391, 48.8668985], [2.2113661, 48.8671248], [2.2112863, 48.867528], [2.2112529, 48.8677095], [2.2112146, 48.8680995], [2.2112216, 48.8684891], [2.2112388, 48.8685662], [2.2112709, 48.8687103], [2.2113014, 48.868792], [2.211392, 48.8689812], [2.2114335, 48.8690396], [2.2116562, 48.8693626], [2.2118739, 48.8696029], [2.2120717, 48.8697495], [2.2121127, 48.8697799], [2.2121842, 48.869833], [2.2122682, 48.8698738], [2.2123709, 48.8699037], [2.2129505, 48.8704125], [2.2131805, 48.8705893], [2.21321, 48.8706652], [2.2126682, 48.8704728], [2.2120051, 48.8702817], [2.2109087, 48.86997], [2.2107867, 48.8700138], [2.2107192, 48.8700857], [2.2099672, 48.8709264], [2.2093021, 48.8716816], [2.2091146, 48.8717413], [2.2087306, 48.8718649], [2.2083091, 48.872463], [2.206798, 48.8737018], [2.2069607, 48.8737845], [2.2075844, 48.8741256], [2.2077592, 48.874229], [2.2084709, 48.874614], [2.2086228, 48.8746968], [2.2089029, 48.8748528], [2.2093399, 48.8750974], [2.2100998, 48.8755318], [2.2104504, 48.8758669], [2.2107824, 48.8765264], [2.210653, 48.8767158], [2.2108269, 48.8772712], [2.2113979, 48.8772305], [2.2114634, 48.8772101], [2.2115287, 48.8772081], [2.2115083, 48.8772414], [2.2116463, 48.8772841], [2.2119306, 48.8769893], [2.2131382, 48.8764336], [2.2139414, 48.8764598], [2.2146263, 48.8765049], [2.214806, 48.8766073], [2.2152656, 48.8766428], [2.2158386, 48.8766778], [2.2166092, 48.8767882], [2.2167043, 48.8768499], [2.2167366, 48.8768709], [2.216767, 48.8768916], [2.2167991, 48.8769127], [2.2168116, 48.8769206], [2.2168191, 48.8769254], [2.2168832, 48.8769642], [2.2163032, 48.8775383], [2.2162041, 48.8776786], [2.2161902, 48.8778091], [2.2162521, 48.8779451], [2.2164107, 48.8781058], [2.2208107, 48.8809597], [2.2213187, 48.8812864], [2.2217802, 48.8815834], [2.2233431, 48.8825863], [2.2234435, 48.8826446], [2.223501, 48.8826831], [2.223527, 48.8827058], [2.2235979, 48.8827633], [2.2236928, 48.8827188], [2.2237299, 48.8827042], [2.2237752, 48.8826774], [2.2241495, 48.8824704], [2.2243762, 48.8823466], [2.2250015, 48.8820067], [2.2257925, 48.8815648], [2.2264395, 48.8812307], [2.2265752, 48.8811615], [2.2266579, 48.8811291], [2.2267408, 48.8811008], [2.2267828, 48.8810898], [2.2269328, 48.8810499], [2.2269916, 48.8810359], [2.2271573, 48.8809972], [2.2274102, 48.8809404], [2.2275175, 48.8809129], [2.2285947, 48.8806294], [2.2290354, 48.8805134], [2.2293336, 48.880437], [2.229723, 48.8802966], [2.2297457, 48.8802884], [2.2297814, 48.8802756], [2.2298838, 48.8802312], [2.2300106, 48.8801661], [2.2300812, 48.8801321], [2.2303673, 48.8800092], [2.2305449, 48.8799423], [2.2305931, 48.8799245], [2.2316118, 48.8798833], [2.2317904, 48.8798763], [2.2318344, 48.8798745], [2.2318768, 48.8798728], [2.232331, 48.8798546], [2.232524, 48.8798464], [2.2332421, 48.879817], [2.2332765, 48.8798156], [2.2333495, 48.8798129], [2.2334575, 48.8798084], [2.2334891, 48.8798066], [2.2335258, 48.8798046], [2.2338383, 48.8797872], [2.2343872, 48.8797658], [2.2345028, 48.8797613], [2.2345444, 48.8797594], [2.2345857, 48.879758], [2.2352744, 48.8797253], [2.2352987, 48.8797241], [2.2354633, 48.8797168], [2.2356661, 48.8796955], [2.2357092, 48.8796903], [2.2361569, 48.8796368], [2.2361831, 48.8796337], [2.2363725, 48.8796136], [2.2363015, 48.8795536], [2.2362754, 48.8795314], [2.2355119, 48.8788825], [2.2354703, 48.8788466], [2.2353977, 48.8787857], [2.2351954, 48.8786157], [2.234657, 48.8781569], [2.234038, 48.877637], [2.2340327, 48.8776325], [2.2339558, 48.8775673], [2.233865, 48.8774884], [2.2336703, 48.8773228], [2.2328004, 48.876592], [2.2326838, 48.8764964], [2.2324882, 48.8763255], [2.2321904, 48.8760725], [2.2321364, 48.8760271], [2.2319245, 48.8758644], [2.2321993, 48.8757315], [2.2322352, 48.8757142], [2.2328232, 48.8754299], [2.232988, 48.8753501], [2.2332244, 48.8752355], [2.2337563, 48.8749781], [2.2344759, 48.8746286], [2.2345656, 48.8745848], [2.2346169, 48.8745598], [2.2350349, 48.8743555], [2.2355144, 48.8741211], [2.2359052, 48.8739303], [2.2359551, 48.8739022], [2.2362131, 48.8737801], [2.2367935, 48.873494], [2.2360436, 48.8729667], [2.2356925, 48.8727196], [2.2355076, 48.8725864], [2.2354588, 48.8725504], [2.2352506, 48.8723954], [2.2352061, 48.8723612], [2.2351349, 48.8723068], [2.2350702, 48.8722563], [2.2350052, 48.8722028], [2.2349452, 48.8721537], [2.2348432, 48.8720687], [2.234729, 48.871972], [2.2346975, 48.871946], [2.2346451, 48.8719017], [2.2345748, 48.8718402], [2.2340576, 48.8713824], [2.2338804, 48.8712228], [2.2336857, 48.871047], [2.2334363, 48.8708225], [2.2331839, 48.8705935], [2.2331527, 48.8705646], [2.2328855, 48.8703224], [2.232799, 48.8702444], [2.2325852, 48.8700556], [2.2325568, 48.8700266], [2.2320761, 48.8695071], [2.2312283, 48.8686235], [2.2303701, 48.8677341], [2.2295817, 48.8668473], [2.2294749, 48.8667271], [2.2286521, 48.8657664], [2.2284251, 48.8654293], [2.2282436, 48.8651445], [2.2279465, 48.8643329], [2.2272919, 48.8625733], [2.226905, 48.8617931], [2.2264045, 48.8609577], [2.2257078, 48.8594357], [2.224536, 48.859586], [2.2241444, 48.8596385], [2.2240535, 48.85965], [2.2239487, 48.8596633], [2.2230881, 48.8597726], [2.2224631, 48.8598499], [2.2224098, 48.8598564], [2.2223863, 48.8598592], [2.2223255, 48.8598663], [2.2218884, 48.8599141], [2.2216402, 48.8599409], [2.2215861, 48.8599468], [2.2215052, 48.8599556], [2.2211011, 48.8599602], [2.2210036, 48.8599613], [2.2206734, 48.859955], [2.2205486, 48.8599526], [2.2201823, 48.8599453], [2.220135, 48.8599428], [2.219994, 48.8599271], [2.2195955, 48.8598888], [2.2193678, 48.8598679], [2.2192217, 48.8598531], [2.21897, 48.8598319], [2.2188795, 48.8598256], [2.2187991, 48.8598226], [2.2182718, 48.8598122], [2.2182335, 48.8598116], [2.2181785, 48.8598107], [2.2180853, 48.859809], [2.2180495, 48.859808], [2.217231, 48.8597924], [2.2171616, 48.8597923], [2.2170494, 48.8597945], [2.217006, 48.8597946], [2.2165132, 48.8597962], [2.2163076, 48.8597944], [2.2161065, 48.8597786], [2.2158895, 48.8597581], [2.2156863, 48.8597335], [2.2155667, 48.8597162], [2.2154492, 48.8596991], [2.2152658, 48.8596677], [2.2150755, 48.8596284], [2.2149036, 48.8595906], [2.214817, 48.8595698], [2.2143587, 48.8594562], [2.2142873, 48.8594472], [2.2142668, 48.8594404], [2.2140571, 48.8594054], [2.2139204, 48.8593914], [2.2138892, 48.8593943], [2.2138588, 48.859396], [2.2138053, 48.859406], [2.2137648, 48.8594193], [2.2137368, 48.8594307], [2.2136849, 48.8594624], [2.2130233, 48.860876], [2.2126539, 48.8615196], [2.2125819, 48.8616454]]]}}, {"type": "Feature", "properties": {"osm": 85527, "name": "Issy-les-Moulineaux", "insee": "92040"}, "geometry": {"type": "Polygon", "coordinates": [[[2.253338, 48.8165177], [2.2532833, 48.8165197], [2.2532499, 48.816521], [2.252826, 48.8164747], [2.2525659, 48.8164618], [2.2525072, 48.8164589], [2.2524871, 48.8164579], [2.2523086, 48.8164491], [2.2520677, 48.8163972], [2.2519579, 48.8163914], [2.2518481, 48.8163855], [2.2516552, 48.8163907], [2.2511667, 48.816289], [2.2510279, 48.8162805], [2.2507452, 48.8165672], [2.2504635, 48.8168514], [2.2503755, 48.8169938], [2.2503321, 48.8169838], [2.2502546, 48.817129], [2.2502832, 48.8171428], [2.2502633, 48.8171813], [2.2502452, 48.8172045], [2.250235, 48.8172118], [2.2502028, 48.8171957], [2.2500555, 48.8172843], [2.2500813, 48.8173048], [2.2498194, 48.8174654], [2.2493133, 48.8177662], [2.2492803, 48.8177868], [2.2491841, 48.8178411], [2.2490476, 48.8179223], [2.2473701, 48.8181985], [2.246572, 48.8183331], [2.2463272, 48.8183981], [2.246295, 48.8184061], [2.2460642, 48.8184629], [2.2460191, 48.8184733], [2.2458927, 48.8184986], [2.2457286, 48.8185315], [2.2456273, 48.8185522], [2.2455606, 48.818566], [2.244934, 48.8187001], [2.2440449, 48.8187922], [2.243804, 48.8188162], [2.2431518, 48.8189191], [2.2426691, 48.8190059], [2.2425656, 48.8190152], [2.2425754, 48.8192273], [2.2425761, 48.819235], [2.2425936, 48.819427], [2.2426119, 48.8195814], [2.2426326, 48.8197826], [2.2426248, 48.8199507], [2.2426159, 48.8201422], [2.2427399, 48.8201497], [2.2427462, 48.8202058], [2.2427894, 48.8204058], [2.2427821, 48.8205267], [2.2422398, 48.8205336], [2.2413256, 48.8204447], [2.2404351, 48.8204135], [2.2398895, 48.8204707], [2.2392118, 48.8205951], [2.2381332, 48.8208231], [2.2379979, 48.8208818], [2.2363174, 48.8214558], [2.2357127, 48.8216391], [2.2360418, 48.8215748], [2.236561, 48.8215153], [2.2370813, 48.8214969], [2.2373918, 48.8215054], [2.2380983, 48.8215593], [2.2383354, 48.8215899], [2.238976, 48.8216921], [2.2393484, 48.8217769], [2.2396872, 48.8218715], [2.2402518, 48.8220794], [2.2414778, 48.8225782], [2.2418725, 48.8227081], [2.2422237, 48.8227929], [2.2434018, 48.8230234], [2.244164, 48.823193], [2.2447127, 48.8233369], [2.2487548, 48.8245522], [2.2496503, 48.8248214], [2.2505258, 48.8251619], [2.2509534, 48.8253696], [2.2518523, 48.825861], [2.2522764, 48.8261194], [2.2530346, 48.8266243], [2.2563034, 48.8290594], [2.2567822, 48.8293836], [2.2575647, 48.8298641], [2.2587683, 48.8305122], [2.2588188, 48.8305394], [2.258873, 48.8305686], [2.2589273, 48.8305986], [2.2589758, 48.8306254], [2.2601803, 48.8312911], [2.2602028, 48.8313035], [2.2604191, 48.8314673], [2.260963, 48.831957], [2.2618532, 48.8328786], [2.2627757, 48.833918], [2.26296, 48.8338989], [2.2643691, 48.8341437], [2.2649159, 48.834231], [2.2650165, 48.8342486], [2.265237, 48.8342872], [2.2661777, 48.8344521], [2.2662256, 48.8344563], [2.2666626, 48.8344943], [2.2668437, 48.8345097], [2.2669248, 48.8345171], [2.2669545, 48.8345231], [2.2674688, 48.8346266], [2.2679483, 48.8345762], [2.2683707, 48.8342122], [2.2688782, 48.8338149], [2.2699136, 48.8330987], [2.2699509, 48.8330728], [2.2699866, 48.8330435], [2.2700296, 48.8330081], [2.2696717, 48.8328134], [2.2672998, 48.8315589], [2.2676048, 48.8279672], [2.2677743, 48.8278688], [2.2678061, 48.8278499], [2.2711052, 48.827902], [2.2713365, 48.8279056], [2.2727442, 48.8279332], [2.2728056, 48.8279667], [2.2734179, 48.8283006], [2.2734265, 48.8283053], [2.2757908, 48.8297038], [2.2763585, 48.8302146], [2.2778501, 48.8314491], [2.2790539, 48.8324454], [2.2791561, 48.8324078], [2.2802455, 48.8320067], [2.2803697, 48.831961], [2.2805217, 48.831905], [2.2814722, 48.831556], [2.2828829, 48.831038], [2.2833629, 48.8308617], [2.2846844, 48.8303077], [2.2848376, 48.8302435], [2.2849412, 48.8302001], [2.2854691, 48.8299788], [2.2859836, 48.8297615], [2.2893877, 48.8283239], [2.287774, 48.8282369], [2.2866495, 48.8285007], [2.2866154, 48.8284501], [2.2879195, 48.8275622], [2.2878684, 48.8275115], [2.2873981, 48.8275198], [2.2873233, 48.8275225], [2.2871956, 48.8274719], [2.2860568, 48.827476], [2.2858994, 48.8274761], [2.2857914, 48.8274761], [2.2846617, 48.8275069], [2.2845637, 48.8275095], [2.2843915, 48.8275142], [2.2831503, 48.8271551], [2.2831321, 48.8271464], [2.2830526, 48.8271085], [2.2805052, 48.8259014], [2.2805315, 48.8258801], [2.2805914, 48.8258315], [2.2808318, 48.8256366], [2.2800327, 48.8251928], [2.2802449, 48.8250623], [2.2808078, 48.8247409], [2.2808265, 48.8246291], [2.2808819, 48.8242972], [2.2809158, 48.8240946], [2.2809212, 48.8240624], [2.2809328, 48.8239932], [2.2809977, 48.8235753], [2.2810067, 48.8235336], [2.2810116, 48.823508], [2.2810679, 48.8235018], [2.2815587, 48.8230785], [2.2815692, 48.8230694], [2.2810926, 48.8228376], [2.2811088, 48.8228079], [2.2816973, 48.8217306], [2.2817077, 48.8217115], [2.2817866, 48.8215686], [2.281794, 48.8215551], [2.28193, 48.8212973], [2.2814847, 48.8211582], [2.2813652, 48.8211209], [2.2813911, 48.8210757], [2.2815493, 48.8207998], [2.2815587, 48.8207833], [2.2815692, 48.8207648], [2.2815863, 48.8207346], [2.2816091, 48.8206946], [2.2817129, 48.8205119], [2.2817288, 48.8204844], [2.2817741, 48.8204061], [2.2818446, 48.8202841], [2.2818669, 48.8202456], [2.2816154, 48.8201518], [2.2814361, 48.8200674], [2.2809248, 48.8197565], [2.2805523, 48.8195169], [2.2794936, 48.818836], [2.2794666, 48.8188187], [2.2790939, 48.8186679], [2.2788379, 48.8185637], [2.2780276, 48.8181233], [2.2779189, 48.8180419], [2.2772008, 48.8175249], [2.2770954, 48.8174485], [2.2769748, 48.8174145], [2.2759638, 48.8172076], [2.275796, 48.8171733], [2.2757406, 48.8171322], [2.2756129, 48.8170375], [2.2754714, 48.8169326], [2.2751453, 48.8166893], [2.2751432, 48.8166895], [2.2750387, 48.8166059], [2.2741708, 48.8159385], [2.2732838, 48.8152501], [2.2730505, 48.8150041], [2.2728617, 48.8148234], [2.2728249, 48.8147796], [2.2727464, 48.8146497], [2.2726424, 48.8144937], [2.2726208, 48.8144531], [2.2725972, 48.814394], [2.2725455, 48.8143893], [2.2719492, 48.8143496], [2.2717491, 48.8143363], [2.2703405, 48.8142273], [2.2701999, 48.8142166], [2.2700369, 48.8142033], [2.2694851, 48.8141635], [2.2689882, 48.8141247], [2.2689408, 48.814121], [2.2675836, 48.814018], [2.2675715, 48.8140171], [2.2674676, 48.8140092], [2.2670527, 48.8139179], [2.266939, 48.8138929], [2.2669308, 48.8138909], [2.2659256, 48.81367], [2.2658192, 48.8136609], [2.2649353, 48.8135851], [2.263978, 48.814438], [2.2639397, 48.8144721], [2.2637251, 48.8143669], [2.26359, 48.8143007], [2.2631257, 48.8140731], [2.2625771, 48.8138041], [2.2616746, 48.8133925], [2.2615319, 48.8133351], [2.2615254, 48.8133319], [2.2613359, 48.813264], [2.2612655, 48.8133442], [2.2603483, 48.8143895], [2.2599215, 48.8142624], [2.2598143, 48.8143793], [2.2597723, 48.814425], [2.2596429, 48.8146634], [2.2594969, 48.8146009], [2.2593361, 48.8147692], [2.2596511, 48.8149133], [2.2588905, 48.8154793], [2.2588875, 48.8154815], [2.2588142, 48.8155361], [2.2586924, 48.8154505], [2.258354, 48.815215], [2.2583274, 48.8152483], [2.2579746, 48.8156903], [2.2576132, 48.8161662], [2.25703, 48.8159581], [2.2567381, 48.8164255], [2.2565934, 48.8165862], [2.2567535, 48.8166449], [2.256476, 48.817031], [2.2555766, 48.8166865], [2.2555282, 48.8168245], [2.2554853, 48.8168186], [2.2551372, 48.8167706], [2.2548796, 48.8166887], [2.2547995, 48.8166755], [2.2544297, 48.8166146], [2.2542502, 48.8165998], [2.2540021, 48.8165596], [2.2537283, 48.816522], [2.2535638, 48.8165072], [2.253397, 48.816515], [2.2533476, 48.8165173], [2.253338, 48.8165177]]]}}, {"type": "Feature", "properties": {"osm": 85802, "name": "Neuilly-sur-Seine", "insee": "92051"}, "geometry": {"type": "Polygon", "coordinates": [[[2.2550572, 48.8741525], [2.2548149, 48.8740806], [2.2495862, 48.8753761], [2.2476142, 48.8758711], [2.2460058, 48.8762821], [2.2456228, 48.8763642], [2.2458508, 48.8765878], [2.246031, 48.8767784], [2.2462346, 48.8769932], [2.2477686, 48.8784917], [2.2488863, 48.8794272], [2.2506937, 48.8808711], [2.2515339, 48.8816676], [2.2522828, 48.8824064], [2.2529525, 48.8831138], [2.2534992, 48.8837582], [2.2543627, 48.8848741], [2.2524363, 48.8855062], [2.253633, 48.8868083], [2.2537164, 48.8869065], [2.2539183, 48.8871462], [2.2546635, 48.8878091], [2.255488, 48.8885951], [2.2560192, 48.8890248], [2.2567999, 48.8895821], [2.2570582, 48.8897664], [2.2574627, 48.8900364], [2.2586724, 48.8907781], [2.2594417, 48.8914148], [2.2598143, 48.8917528], [2.2619749, 48.8938983], [2.2626649, 48.8944486], [2.2635256, 48.895046], [2.2640215, 48.8953579], [2.2647634, 48.8957458], [2.265205, 48.8959595], [2.2660688, 48.8963776], [2.269057, 48.8976282], [2.2707145, 48.8982554], [2.2710281, 48.8983695], [2.2714425, 48.8979745], [2.2716128, 48.8978122], [2.2717274, 48.8977036], [2.2717874, 48.8976477], [2.2718255, 48.8976123], [2.2718438, 48.8975988], [2.2719757, 48.8974695], [2.2720699, 48.8973805], [2.2721759, 48.8972783], [2.272383, 48.8970747], [2.272652, 48.8968103], [2.27273, 48.8967336], [2.2728655, 48.8966372], [2.2731477, 48.8963607], [2.2732371, 48.8962561], [2.2733496, 48.8961806], [2.2733589, 48.8961718], [2.2742231, 48.8953457], [2.2742565, 48.8953138], [2.2743777, 48.8951979], [2.2752939, 48.8943216], [2.2753515, 48.8942666], [2.2753991, 48.8942224], [2.2756969, 48.8939472], [2.2761718, 48.8935077], [2.2762722, 48.8934147], [2.2763541, 48.8933388], [2.2764313, 48.893266], [2.2765437, 48.8931529], [2.276776, 48.8929193], [2.2771235, 48.8927028], [2.2777226, 48.8920949], [2.2776599, 48.8920597], [2.2778215, 48.891925], [2.2778878, 48.8918596], [2.2779554, 48.8917871], [2.2779733, 48.89177], [2.278084, 48.8916698], [2.2782758, 48.8914799], [2.2791113, 48.8906851], [2.2791617, 48.8906363], [2.2794504, 48.8903567], [2.2795006, 48.8903097], [2.2795667, 48.8902478], [2.2798171, 48.8900174], [2.2798833, 48.8899516], [2.2801614, 48.8896913], [2.280254, 48.8896047], [2.2807423, 48.8891476], [2.2815908, 48.8883535], [2.2816365, 48.888307], [2.2816609, 48.8882842], [2.2817789, 48.888176], [2.2820139, 48.8879574], [2.2832134, 48.8868579], [2.2832322, 48.8868407], [2.2832684, 48.8868064], [2.2844692, 48.8856279], [2.2821522, 48.8838487], [2.2818613, 48.8836254], [2.2818271, 48.8835988], [2.2811176, 48.883047], [2.2809934, 48.8829464], [2.2808975, 48.8827946], [2.2799643, 48.8787025], [2.2798011, 48.8786534], [2.2786175, 48.8783012], [2.2786074, 48.8782982], [2.2780343, 48.8781258], [2.2774903, 48.8779625], [2.2646217, 48.8795663], [2.2602672, 48.8801053], [2.2588875, 48.8802807], [2.2588832, 48.8802792], [2.2584893, 48.8801283], [2.2584626, 48.8801181], [2.2584073, 48.8800973], [2.2554112, 48.8742636], [2.2550572, 48.8741525]]]}}, {"type": "Feature", "properties": {"osm": 86985, "name": "Levallois-Perret", "insee": "92044"}, "geometry": {"type": "Polygon", "coordinates": [[[2.2854584, 48.8864317], [2.2844692, 48.8856279], [2.2832684, 48.8868064], [2.2832322, 48.8868407], [2.2832134, 48.8868579], [2.2820139, 48.8879574], [2.2817789, 48.888176], [2.2816609, 48.8882842], [2.2816365, 48.888307], [2.2815908, 48.8883535], [2.2807423, 48.8891476], [2.280254, 48.8896047], [2.2801614, 48.8896913], [2.2798833, 48.8899516], [2.2798171, 48.8900174], [2.2795667, 48.8902478], [2.2795006, 48.8903097], [2.2794504, 48.8903567], [2.2791617, 48.8906363], [2.2791113, 48.8906851], [2.2782758, 48.8914799], [2.278084, 48.8916698], [2.2779733, 48.89177], [2.2779554, 48.8917871], [2.2778878, 48.8918596], [2.2778215, 48.891925], [2.2776599, 48.8920597], [2.2777226, 48.8920949], [2.2771235, 48.8927028], [2.276776, 48.8929193], [2.2765437, 48.8931529], [2.2764313, 48.893266], [2.2763541, 48.8933388], [2.2762722, 48.8934147], [2.2761718, 48.8935077], [2.2756969, 48.8939472], [2.2753991, 48.8942224], [2.2753515, 48.8942666], [2.2752939, 48.8943216], [2.2743777, 48.8951979], [2.2742565, 48.8953138], [2.2742231, 48.8953457], [2.2733589, 48.8961718], [2.2733496, 48.8961806], [2.2732371, 48.8962561], [2.2731477, 48.8963607], [2.2728655, 48.8966372], [2.27273, 48.8967336], [2.272652, 48.8968103], [2.272383, 48.8970747], [2.2721759, 48.8972783], [2.2720699, 48.8973805], [2.2719757, 48.8974695], [2.2718438, 48.8975988], [2.2718255, 48.8976123], [2.2717874, 48.8976477], [2.2717274, 48.8977036], [2.2716128, 48.8978122], [2.2714425, 48.8979745], [2.2710281, 48.8983695], [2.2712715, 48.8984479], [2.2726944, 48.8989717], [2.2736656, 48.8992961], [2.2753009, 48.8997978], [2.2771687, 48.9002944], [2.2782148, 48.9006394], [2.2786498, 48.9007445], [2.279049, 48.9008043], [2.2799094, 48.9008373], [2.2801859, 48.9008697], [2.2804198, 48.9009171], [2.2806848, 48.9009779], [2.2826103, 48.9015844], [2.2829891, 48.9017101], [2.2837175, 48.901985], [2.284256, 48.9022301], [2.2873758, 48.9036389], [2.2885427, 48.9029648], [2.2887261, 48.9028723], [2.2887822, 48.9028397], [2.2888982, 48.9027724], [2.2925255, 48.9006624], [2.2958154, 48.8987407], [2.2958438, 48.8987252], [2.298655, 48.8971951], [2.2992562, 48.8968516], [2.302532, 48.8948906], [2.3037934, 48.8941707], [2.303395, 48.8939748], [2.3032773, 48.8939169], [2.3015593, 48.8931164], [2.3006258, 48.8926735], [2.300466, 48.8926015], [2.3004252, 48.8925831], [2.3003454, 48.8925463], [2.3000303, 48.892399], [2.2998265, 48.8923037], [2.2996847, 48.8922374], [2.2994757, 48.8921386], [2.2993263, 48.8920679], [2.29906, 48.891942], [2.2989986, 48.8919132], [2.2986328, 48.891742], [2.2985613, 48.8917077], [2.2982029, 48.8915192], [2.2981869, 48.8915108], [2.2980951, 48.8914625], [2.2980293, 48.8914282], [2.2980112, 48.8914188], [2.2978671, 48.8913425], [2.2974716, 48.8911326], [2.2974274, 48.8911092], [2.2973247, 48.8910559], [2.2964597, 48.8905999], [2.2956666, 48.8901903], [2.2956134, 48.8901629], [2.29556, 48.8901352], [2.295047, 48.8898693], [2.2943705, 48.8897883], [2.2942516, 48.889775], [2.294239, 48.8897734], [2.2940396, 48.8897487], [2.2940331, 48.889748], [2.2937036, 48.8897081], [2.2935121, 48.8896858], [2.292944, 48.8896198], [2.2927238, 48.8895995], [2.2916837, 48.8894788], [2.2915043, 48.8894592], [2.2911516, 48.8892969], [2.291175, 48.8892751], [2.2896453, 48.8885254], [2.2877584, 48.8876], [2.2871097, 48.8872829], [2.2860664, 48.8867705], [2.2856609, 48.8865707], [2.2854584, 48.8864317]]]}}, {"type": "Feature", "properties": {"osm": 86999, "name": "Clichy", "insee": "92024"}, "geometry": {"type": "Polygon", "coordinates": [[[2.3095441, 48.8967081], [2.3078197, 48.8960601], [2.3076874, 48.8960103], [2.3075545, 48.8959598], [2.3073107, 48.8958473], [2.3071852, 48.895784], [2.3060163, 48.895227], [2.3037934, 48.8941707], [2.302532, 48.8948906], [2.2992562, 48.8968516], [2.298655, 48.8971951], [2.2958438, 48.8987252], [2.2958154, 48.8987407], [2.2925255, 48.9006624], [2.2888982, 48.9027724], [2.2887822, 48.9028397], [2.2887261, 48.9028723], [2.2885427, 48.9029648], [2.2873758, 48.9036389], [2.2886459, 48.9041848], [2.2910441, 48.9053688], [2.291785, 48.9057501], [2.2922749, 48.9060235], [2.2928598, 48.906379], [2.2930791, 48.9065382], [2.2934713, 48.906884], [2.2939561, 48.9074259], [2.2943558, 48.9077427], [2.2946092, 48.9079099], [2.2951405, 48.9082123], [2.2980631, 48.9096906], [2.2982778, 48.9097702], [2.3008326, 48.910717], [2.3017639, 48.9110532], [2.3020906, 48.9111498], [2.3026514, 48.9112641], [2.3074603, 48.9121561], [2.308898, 48.9125228], [2.3137753, 48.9140149], [2.314254, 48.913374], [2.314329, 48.913274], [2.314381, 48.913205], [2.315525, 48.911668], [2.3155794, 48.9115953], [2.3156458, 48.9115065], [2.3162931, 48.9106407], [2.3165347, 48.9103176], [2.316565, 48.910277], [2.316495, 48.910247], [2.316262, 48.910152], [2.316318, 48.910095], [2.316346, 48.910068], [2.316378, 48.910034], [2.316431, 48.909979], [2.31652, 48.909887], [2.316665, 48.909738], [2.316765, 48.909636], [2.316822, 48.909577], [2.317038, 48.909357], [2.317096, 48.909297], [2.317224, 48.909165], [2.317401, 48.908984], [2.317657, 48.90872], [2.3177261, 48.908648], [2.317777, 48.908595], [2.317938, 48.90843], [2.317989, 48.908377], [2.318136, 48.908226], [2.318279, 48.908078], [2.318309, 48.908048], [2.318324, 48.908032], [2.318339, 48.908017], [2.318341, 48.908015], [2.318022, 48.907905], [2.317963, 48.907893], [2.31801, 48.9078383], [2.319297, 48.906413], [2.319325, 48.906381], [2.320292, 48.905306], [2.3209014, 48.9046219], [2.320463, 48.903485], [2.320429, 48.903399], [2.320404, 48.903338], [2.320392, 48.903309], [2.320371, 48.903255], [2.320356, 48.903217], [2.320324, 48.903133], [2.320307, 48.90309], [2.320259, 48.902967], [2.320242, 48.902923], [2.320224, 48.902877], [2.32021, 48.902842], [2.320095, 48.902545], [2.320002, 48.902305], [2.319892, 48.902026], [2.319852, 48.901924], [2.319816, 48.901831], [2.319776, 48.901729], [2.319731, 48.901614], [2.319688, 48.901502], [2.319691, 48.9015], [2.319686, 48.901496], [2.319664, 48.901442], [2.319615, 48.901313], [2.319637, 48.901242], [2.319673, 48.901127], [2.319701, 48.901038], [2.31973, 48.900946], [2.319802, 48.900721], [2.3198901, 48.9004581], [2.319099, 48.8999762], [2.3187182, 48.8997442], [2.3185323, 48.8996333], [2.316169, 48.8989407], [2.3152945, 48.8986503], [2.3134019, 48.8980717], [2.3130853, 48.8979786], [2.3123424, 48.8977601], [2.3118553, 48.897577], [2.3095441, 48.8967081]]]}}, {"type": "Feature", "properties": {"osm": 87002, "name": "Saint-Ouen-sur-Seine", "insee": "93070"}, "geometry": {"type": "Polygon", "coordinates": [[[2.3137753, 48.9140149], [2.3166568, 48.9149331], [2.3195454, 48.9158537], [2.321462, 48.9163575], [2.3284263, 48.918506], [2.3286513, 48.9186298], [2.3287486, 48.918683], [2.328825, 48.9187368], [2.3290383, 48.9188888], [2.3296542, 48.9193712], [2.3300183, 48.9197061], [2.3304501, 48.9201331], [2.3309963, 48.9207638], [2.3332192, 48.9231734], [2.3338785, 48.922795], [2.3368338, 48.9210989], [2.3370001, 48.9211284], [2.3372702, 48.9209949], [2.3371579, 48.920929], [2.3371452, 48.9209229], [2.3372171, 48.9208875], [2.3381723, 48.9204214], [2.3391477, 48.9199699], [2.3391155, 48.919924], [2.3399586, 48.919588], [2.339885, 48.9195069], [2.3395991, 48.9189876], [2.3395549, 48.9189073], [2.3393697, 48.9184404], [2.3392558, 48.9182584], [2.3391879, 48.9182084], [2.3391005, 48.9180705], [2.3387675, 48.9173356], [2.3382795, 48.9162586], [2.3378062, 48.9152141], [2.3379582, 48.9151388], [2.3380573, 48.9150978], [2.3382123, 48.9150337], [2.3386015, 48.9148847], [2.3387324, 48.9148403], [2.3388409, 48.9148059], [2.3390556, 48.9147469], [2.3395579, 48.9146213], [2.3398831, 48.9145586], [2.3401, 48.9145256], [2.3403454, 48.9144922], [2.3409482, 48.9144241], [2.3423496, 48.9142657], [2.3424824, 48.9142507], [2.3432023, 48.9141695], [2.3434935, 48.9141435], [2.3439042, 48.9140963], [2.3439532, 48.9140907], [2.3439889, 48.9140866], [2.344161, 48.9140665], [2.344288, 48.9140539], [2.344475, 48.9140361], [2.3445486, 48.9140296], [2.3446038, 48.9140248], [2.3448603, 48.9140045], [2.345121, 48.9139993], [2.3453143, 48.9140066], [2.345395, 48.9140202], [2.3457031, 48.9140692], [2.3459936, 48.9141356], [2.3469241, 48.9143574], [2.3470516, 48.914381], [2.3470868, 48.9143108], [2.3472208, 48.9139911], [2.3482687, 48.9114907], [2.348445, 48.9110198], [2.3491325, 48.9110572], [2.349805, 48.9110532], [2.3500847, 48.9110325], [2.3507944, 48.9109801], [2.3510932, 48.9106511], [2.3511403, 48.9105554], [2.3513143, 48.9102019], [2.3517351, 48.9082414], [2.3512148, 48.9074475], [2.3514484, 48.904467], [2.3514566, 48.9043622], [2.3515944, 48.9036822], [2.3517161, 48.9030804], [2.3518151, 48.902693], [2.351857, 48.9024186], [2.3520304, 48.9016202], [2.3520561, 48.9014901], [2.3519537, 48.9014922], [2.3518809, 48.9014902], [2.3480617, 48.9014138], [2.3449885, 48.9013489], [2.3442604, 48.9013336], [2.3441098, 48.9013304], [2.3439867, 48.901328], [2.3432779, 48.9013142], [2.3422315, 48.9012938], [2.3398966, 48.9012483], [2.3386529, 48.901224], [2.3378475, 48.9012083], [2.3374106, 48.9011998], [2.3373365, 48.9011983], [2.3372746, 48.9011971], [2.3371435, 48.901193], [2.3371369, 48.9011928], [2.3369673, 48.9011881], [2.3367567, 48.901183], [2.3367171, 48.9011819], [2.3367057, 48.9011817], [2.3365959, 48.9011795], [2.3365431, 48.9011783], [2.336375, 48.9011752], [2.3361725, 48.9011702], [2.3360628, 48.9011676], [2.3360336, 48.9011669], [2.3358319, 48.9011622], [2.3356539, 48.9011584], [2.3356163, 48.9011577], [2.3355071, 48.9011555], [2.3354926, 48.9011553], [2.3354309, 48.9011538], [2.3353793, 48.9011527], [2.3352678, 48.9011502], [2.3351638, 48.9011485], [2.335107, 48.9011475], [2.3350075, 48.901145], [2.334835, 48.9011408], [2.3347159, 48.9011379], [2.3346874, 48.9011373], [2.3346298, 48.9011361], [2.334615, 48.9011358], [2.3317196, 48.9010654], [2.3313375, 48.9010562], [2.3311654, 48.901052], [2.3301825, 48.9010281], [2.3277816, 48.9009898], [2.3258802, 48.9009525], [2.3240848, 48.9008857], [2.3222857, 48.9008264], [2.3213034, 48.9007949], [2.3203576, 48.9007571], [2.3202377, 48.9006804], [2.3198901, 48.9004581], [2.319802, 48.900721], [2.31973, 48.900946], [2.319701, 48.901038], [2.319673, 48.901127], [2.319637, 48.901242], [2.319615, 48.901313], [2.319664, 48.901442], [2.319686, 48.901496], [2.319691, 48.9015], [2.319688, 48.901502], [2.319731, 48.901614], [2.319776, 48.901729], [2.319816, 48.901831], [2.319852, 48.901924], [2.319892, 48.902026], [2.320002, 48.902305], [2.320095, 48.902545], [2.32021, 48.902842], [2.320224, 48.902877], [2.320242, 48.902923], [2.320259, 48.902967], [2.320307, 48.90309], [2.320324, 48.903133], [2.320356, 48.903217], [2.320371, 48.903255], [2.320392, 48.903309], [2.320404, 48.903338], [2.320429, 48.903399], [2.320463, 48.903485], [2.3209014, 48.9046219], [2.320292, 48.905306], [2.319325, 48.906381], [2.319297, 48.906413], [2.31801, 48.9078383], [2.317963, 48.907893], [2.318022, 48.907905], [2.318341, 48.908015], [2.318339, 48.908017], [2.318324, 48.908032], [2.318309, 48.908048], [2.318279, 48.908078], [2.318136, 48.908226], [2.317989, 48.908377], [2.317938, 48.90843], [2.317777, 48.908595], [2.3177261, 48.908648], [2.317657, 48.90872], [2.317401, 48.908984], [2.317224, 48.909165], [2.317096, 48.909297], [2.317038, 48.909357], [2.316822, 48.909577], [2.316765, 48.909636], [2.316665, 48.909738], [2.31652, 48.909887], [2.316431, 48.909979], [2.316378, 48.910034], [2.316346, 48.910068], [2.316318, 48.910095], [2.316262, 48.910152], [2.316495, 48.910247], [2.316565, 48.910277], [2.3165347, 48.9103176], [2.3162931, 48.9106407], [2.3156458, 48.9115065], [2.3155794, 48.9115953], [2.315525, 48.911668], [2.314381, 48.913205], [2.314329, 48.913274], [2.314254, 48.913374], [2.3137753, 48.9140149]]]}}, {"type": "Feature", "properties": {"osm": 87628, "name": "Aubervilliers", "insee": "93001"}, "geometry": {"type": "Polygon", "coordinates": [[[2.3702923, 48.90186], [2.370105, 48.9018542], [2.3656306, 48.9017644], [2.3657685, 48.9031142], [2.3657744, 48.9031856], [2.3658343, 48.9037921], [2.3658947, 48.9044041], [2.3659343, 48.9048044], [2.3659355, 48.9048239], [2.3660001, 48.9063813], [2.3660228, 48.9067271], [2.3659583, 48.9068731], [2.3659466, 48.907015], [2.3659397, 48.9070771], [2.3658965, 48.9075469], [2.3658638, 48.9078549], [2.3657577, 48.9086253], [2.3657136, 48.9089247], [2.3657052, 48.908969], [2.365699, 48.9090179], [2.3656792, 48.9091306], [2.3656682, 48.9092599], [2.3659456, 48.9109363], [2.3659608, 48.911027], [2.3659722, 48.9110952], [2.3659867, 48.9111818], [2.366, 48.9112698], [2.3660054, 48.9113054], [2.3660834, 48.9118206], [2.3661772, 48.9124403], [2.366208, 48.9126401], [2.3662371, 48.9128279], [2.3662949, 48.9131516], [2.3663498, 48.9135245], [2.3664815, 48.9142115], [2.366523, 48.9144278], [2.3665833, 48.9147428], [2.3666027, 48.9148438], [2.3666697, 48.9151935], [2.366705, 48.9153774], [2.3663876, 48.9153836], [2.3663864, 48.9154387], [2.3663779, 48.9156003], [2.3663721, 48.9156609], [2.3663047, 48.9163692], [2.3663024, 48.9163969], [2.3662993, 48.9164337], [2.3662956, 48.9164986], [2.3662931, 48.9165419], [2.3663185, 48.9172529], [2.3663341, 48.9176889], [2.3663405, 48.9178692], [2.366931, 48.9178407], [2.3668983, 48.9180493], [2.3668155, 48.9197675], [2.3668546, 48.9200564], [2.3668538, 48.9209913], [2.3665299, 48.9209647], [2.3661525, 48.9214394], [2.3661366, 48.9214595], [2.3665752, 48.9216387], [2.3667145, 48.9217022], [2.3670351, 48.9218425], [2.367598, 48.9220736], [2.3666927, 48.9235579], [2.3683081, 48.9244528], [2.3686103, 48.9242177], [2.3686565, 48.9241806], [2.3687877, 48.9240798], [2.3688603, 48.924024], [2.3690341, 48.9238904], [2.3691046, 48.9238379], [2.3692271, 48.9237546], [2.3693112, 48.9236996], [2.3694346, 48.9236189], [2.3695713, 48.9235428], [2.3697182, 48.9234539], [2.3699841, 48.9233097], [2.3701746, 48.9232074], [2.3702793, 48.9231406], [2.3704901, 48.9230431], [2.3713651, 48.9226893], [2.3714442, 48.9226572], [2.3717299, 48.9225486], [2.3719734, 48.9224561], [2.3726024, 48.9230759], [2.3733199, 48.9234365], [2.3738097, 48.9235697], [2.374745, 48.9237664], [2.3748644, 48.9236532], [2.3751689, 48.9234854], [2.3760979, 48.9230303], [2.3761904, 48.9229705], [2.3762905, 48.9228384], [2.3765102, 48.9226477], [2.3766952, 48.9225739], [2.3768398, 48.9225739], [2.3771753, 48.9226068], [2.377262, 48.9225788], [2.3769573, 48.9225154], [2.3771675, 48.922476], [2.377283, 48.9222815], [2.3775046, 48.9221862], [2.3775865, 48.9221135], [2.3776279, 48.9220768], [2.377759, 48.9220247], [2.3778666, 48.9219942], [2.3781238, 48.9219215], [2.3784201, 48.9218377], [2.3787307, 48.9216533], [2.3787751, 48.9215821], [2.3793557, 48.9206526], [2.3793762, 48.92062], [2.3794091, 48.9205429], [2.3794366, 48.9205112], [2.3795378, 48.9204271], [2.3797497, 48.9202217], [2.3798583, 48.9201173], [2.3798899, 48.9200675], [2.3798999, 48.9200534], [2.3799603, 48.9199283], [2.3800327, 48.9198467], [2.3800491, 48.9198275], [2.380118, 48.9197452], [2.3802367, 48.9197324], [2.3809522, 48.9196518], [2.3814092, 48.9195992], [2.3820089, 48.9195332], [2.3820357, 48.9195303], [2.3821353, 48.9195203], [2.3825057, 48.9194933], [2.3825399, 48.9194908], [2.3825663, 48.9194889], [2.3826501, 48.9194802], [2.3833944, 48.9193885], [2.3835259, 48.9193738], [2.3837552, 48.9193589], [2.3841319, 48.9193345], [2.3859328, 48.9193061], [2.386443, 48.9192858], [2.3869345, 48.9193754], [2.3869018, 48.9195583], [2.38697, 48.9196063], [2.386977, 48.9195567], [2.3876072, 48.9195518], [2.3878964, 48.9195191], [2.3880116, 48.9195315], [2.388341, 48.9197064], [2.3887267, 48.9197667], [2.3890748, 48.9198781], [2.3891712, 48.9198843], [2.3893781, 48.9198516], [2.3895174, 48.9199088], [2.3895781, 48.9199337], [2.3897545, 48.9199491], [2.3899592, 48.9200993], [2.3902818, 48.9205486], [2.3902067, 48.9206803], [2.3906118, 48.9212256], [2.390786, 48.9214053], [2.3909483, 48.9214548], [2.3909812, 48.921478], [2.3911454, 48.9219611], [2.3915205, 48.9222325], [2.3916382, 48.9223083], [2.3920123, 48.9224693], [2.3922804, 48.9225467], [2.3923792, 48.9225544], [2.392713, 48.9224752], [2.3928517, 48.9224131], [2.3931548, 48.9221666], [2.3935402, 48.921968], [2.3937776, 48.9218703], [2.3942101, 48.9217709], [2.3944646, 48.921736], [2.3948074, 48.9217598], [2.3951273, 48.9218588], [2.3952873, 48.9218912], [2.3953345, 48.9220245], [2.3953815, 48.9220399], [2.3960635, 48.9220907], [2.3963268, 48.9220364], [2.3967806, 48.9219896], [2.3971592, 48.9220235], [2.3976203, 48.9221659], [2.3982838, 48.9224274], [2.3984155, 48.9224599], [2.3984978, 48.9224614], [2.3986036, 48.9224365], [2.3989727, 48.9224084], [2.400019, 48.9222699], [2.4003948, 48.9221747], [2.4006937, 48.92211], [2.4008112, 48.9220588], [2.4009569, 48.9219657], [2.4010532, 48.9219284], [2.4010955, 48.9219129], [2.4012131, 48.9219082], [2.4014481, 48.9218043], [2.401608, 48.9217763], [2.4017372, 48.9217189], [2.4018899, 48.9215902], [2.4021764, 48.9212801], [2.4024679, 48.9211885], [2.4025109, 48.9211537], [2.4025313, 48.9211373], [2.4025128, 48.921103], [2.4025145, 48.920894], [2.4025424, 48.9206553], [2.4026064, 48.9206098], [2.4032636, 48.920142], [2.4038182, 48.919903], [2.4036609, 48.9196617], [2.4037938, 48.9194672], [2.4042931, 48.9192475], [2.4054059, 48.9188611], [2.4061574, 48.9187165], [2.4064809, 48.918757], [2.4066474, 48.9187444], [2.4067853, 48.9187161], [2.4068709, 48.9186721], [2.4072417, 48.9183685], [2.407276, 48.9183086], [2.4073739, 48.9182489], [2.4076567, 48.9181158], [2.4077041, 48.9180906], [2.4076446, 48.9180362], [2.4068183, 48.9172907], [2.4060662, 48.9165948], [2.4057394, 48.9162925], [2.4048614, 48.9154834], [2.4043565, 48.9150057], [2.4041168, 48.9147761], [2.4047922, 48.9146403], [2.4056653, 48.9144328], [2.4056974, 48.9144252], [2.4060435, 48.9143189], [2.4062924, 48.9142117], [2.4073052, 48.9137492], [2.4076946, 48.9135717], [2.4078374, 48.9135066], [2.4084725, 48.9132189], [2.4085415, 48.9131871], [2.4089762, 48.9129865], [2.4090822, 48.9129376], [2.4104724, 48.9123276], [2.4114086, 48.911899], [2.4115844, 48.9118153], [2.4116326, 48.9117949], [2.4117902, 48.9117257], [2.41198, 48.9116423], [2.4115579, 48.9112197], [2.4114506, 48.9111192], [2.4113765, 48.9110479], [2.4112496, 48.9109307], [2.4109251, 48.9106265], [2.4101149, 48.9098671], [2.410089, 48.9098429], [2.4100647, 48.9098201], [2.4099495, 48.9097121], [2.4088026, 48.9091832], [2.4076696, 48.908935], [2.4065367, 48.9087488], [2.405953, 48.9087488], [2.40482, 48.9088222], [2.4044062, 48.9090203], [2.4036184, 48.9093976], [2.4030176, 48.9096909], [2.4028383, 48.9098362], [2.4026485, 48.9099899], [2.402308, 48.9101953], [2.4016385, 48.9105507], [2.401175, 48.9107876], [2.4010549, 48.910844], [2.4009862, 48.910923], [2.4009347, 48.9110132], [2.4008403, 48.9111148], [2.4006071, 48.9112624], [2.4005047, 48.9113011], [2.4004071, 48.9113379], [2.3980361, 48.9091802], [2.3978748, 48.9090439], [2.3977383, 48.9089114], [2.3974513, 48.9086464], [2.3972473, 48.9084607], [2.3971989, 48.9084148], [2.3970807, 48.9083072], [2.3966651, 48.9078909], [2.3964055, 48.9076592], [2.3963061, 48.9075634], [2.3961875, 48.9074565], [2.395841, 48.9071305], [2.3954242, 48.9067259], [2.3953716, 48.9066745], [2.3945746, 48.9059108], [2.3945467, 48.9058835], [2.3937679, 48.9051969], [2.3934577, 48.9049235], [2.3929904, 48.9044983], [2.3922447, 48.9038196], [2.3918721, 48.9034754], [2.3903934, 48.9021049], [2.3893896, 48.9012193], [2.3892039, 48.901259], [2.38724, 48.9016275], [2.386186, 48.9018252], [2.3849847, 48.9020514], [2.3844292, 48.902156], [2.380076, 48.9020689], [2.3790003, 48.9020474], [2.3759783, 48.9019808], [2.3715507, 48.9018858], [2.3702923, 48.90186]]]}}, {"type": "Feature", "properties": {"osm": 91776, "name": "Puteaux", "insee": "92062"}, "geometry": {"type": "Polygon", "coordinates": [[[2.2456228, 48.8763642], [2.2433602, 48.8741266], [2.2410477, 48.8722768], [2.2404626, 48.8718878], [2.2401155, 48.8717175], [2.2396721, 48.8715756], [2.2373729, 48.8710133], [2.2340187, 48.8700812], [2.2328437, 48.8697546], [2.2320761, 48.8695071], [2.2325568, 48.8700266], [2.2325852, 48.8700556], [2.232799, 48.8702444], [2.2328855, 48.8703224], [2.2331527, 48.8705646], [2.2331839, 48.8705935], [2.2334363, 48.8708225], [2.2336857, 48.871047], [2.2338804, 48.8712228], [2.2340576, 48.8713824], [2.2345748, 48.8718402], [2.2346451, 48.8719017], [2.2346975, 48.871946], [2.234729, 48.871972], [2.2348432, 48.8720687], [2.2349452, 48.8721537], [2.2350052, 48.8722028], [2.2350702, 48.8722563], [2.2351349, 48.8723068], [2.2352061, 48.8723612], [2.2352506, 48.8723954], [2.2354588, 48.8725504], [2.2355076, 48.8725864], [2.2356925, 48.8727196], [2.2360436, 48.8729667], [2.2367935, 48.873494], [2.2362131, 48.8737801], [2.2359551, 48.8739022], [2.2359052, 48.8739303], [2.2355144, 48.8741211], [2.2350349, 48.8743555], [2.2346169, 48.8745598], [2.2345656, 48.8745848], [2.2344759, 48.8746286], [2.2337563, 48.8749781], [2.2332244, 48.8752355], [2.232988, 48.8753501], [2.2328232, 48.8754299], [2.2322352, 48.8757142], [2.2321993, 48.8757315], [2.2319245, 48.8758644], [2.2321364, 48.8760271], [2.2321904, 48.8760725], [2.2324882, 48.8763255], [2.2326838, 48.8764964], [2.2328004, 48.876592], [2.2336703, 48.8773228], [2.233865, 48.8774884], [2.2339558, 48.8775673], [2.2340327, 48.8776325], [2.234038, 48.877637], [2.234657, 48.8781569], [2.2351954, 48.8786157], [2.2353977, 48.8787857], [2.2354703, 48.8788466], [2.2355119, 48.8788825], [2.2362754, 48.8795314], [2.2363015, 48.8795536], [2.2363725, 48.8796136], [2.2361831, 48.8796337], [2.2361569, 48.8796368], [2.2357092, 48.8796903], [2.2356661, 48.8796955], [2.2354633, 48.8797168], [2.2352987, 48.8797241], [2.2352744, 48.8797253], [2.2345857, 48.879758], [2.2345444, 48.8797594], [2.2345028, 48.8797613], [2.2343872, 48.8797658], [2.2338383, 48.8797872], [2.2335258, 48.8798046], [2.2334891, 48.8798066], [2.2334575, 48.8798084], [2.2333495, 48.8798129], [2.2332765, 48.8798156], [2.2332421, 48.879817], [2.232524, 48.8798464], [2.232331, 48.8798546], [2.2318768, 48.8798728], [2.2318344, 48.8798745], [2.2317904, 48.8798763], [2.2316118, 48.8798833], [2.2305931, 48.8799245], [2.2305449, 48.8799423], [2.2303673, 48.8800092], [2.2300812, 48.8801321], [2.2300106, 48.8801661], [2.2298838, 48.8802312], [2.2297814, 48.8802756], [2.2297457, 48.8802884], [2.229723, 48.8802966], [2.2293336, 48.880437], [2.2290354, 48.8805134], [2.2285947, 48.8806294], [2.2275175, 48.8809129], [2.2274102, 48.8809404], [2.2271573, 48.8809972], [2.2269916, 48.8810359], [2.2269328, 48.8810499], [2.2267828, 48.8810898], [2.2267408, 48.8811008], [2.2266579, 48.8811291], [2.2265752, 48.8811615], [2.2264395, 48.8812307], [2.2257925, 48.8815648], [2.2250015, 48.8820067], [2.2243762, 48.8823466], [2.2241495, 48.8824704], [2.2237752, 48.8826774], [2.2237299, 48.8827042], [2.2236928, 48.8827188], [2.2235979, 48.8827633], [2.2235043, 48.8828116], [2.2224557, 48.8831394], [2.2235672, 48.8842042], [2.2245318, 48.8851282], [2.2245114, 48.8852887], [2.2245095, 48.8853036], [2.224493, 48.8854329], [2.2259611, 48.8864531], [2.2280446, 48.8879396], [2.2284494, 48.8882282], [2.2283963, 48.8882829], [2.2304208, 48.8894356], [2.2306806, 48.8896394], [2.2304721, 48.8899034], [2.2304589, 48.8899201], [2.2307911, 48.8900684], [2.2299318, 48.891035], [2.2300601, 48.8910895], [2.2303393, 48.891475], [2.230459, 48.8916402], [2.2310786, 48.8924957], [2.234232, 48.8950448], [2.2337535, 48.8956658], [2.2338689, 48.8956525], [2.2350493, 48.8955166], [2.2356528, 48.8951653], [2.235721, 48.8950743], [2.2359463, 48.8949955], [2.236793, 48.8947706], [2.2378915, 48.8945905], [2.2398164, 48.894917], [2.2403797, 48.8949999], [2.2405662, 48.8950208], [2.2405743, 48.8949648], [2.2406252, 48.8946129], [2.2409738, 48.8922475], [2.2410395, 48.8917686], [2.2410479, 48.8917047], [2.241145, 48.8908822], [2.2477932, 48.8887965], [2.249474, 48.8882444], [2.2507823, 48.8878251], [2.2511949, 48.8877064], [2.2537164, 48.8869065], [2.253633, 48.8868083], [2.2524363, 48.8855062], [2.2543627, 48.8848741], [2.2534992, 48.8837582], [2.2529525, 48.8831138], [2.2522828, 48.8824064], [2.2515339, 48.8816676], [2.2506937, 48.8808711], [2.2488863, 48.8794272], [2.2477686, 48.8784917], [2.2462346, 48.8769932], [2.246031, 48.8767784], [2.2458508, 48.8765878], [2.2456228, 48.8763642]]]}}, {"type": "Feature", "properties": {"osm": 104479, "name": "Gentilly", "insee": "94037"}, "geometry": {"type": "Polygon", "coordinates": [[[2.3486894, 48.8167277], [2.3523989, 48.8185339], [2.3559173, 48.8159723], [2.3566126, 48.8159806], [2.3562587, 48.8156198], [2.355836, 48.8149607], [2.3554944, 48.8145524], [2.355143, 48.814104], [2.3544643, 48.8134063], [2.3538589, 48.8129935], [2.3528067, 48.8124019], [2.3518774, 48.8120662], [2.3510127, 48.8115069], [2.3501774, 48.8109049], [2.3495955, 48.8104948], [2.3495097, 48.8103766], [2.3494574, 48.8103064], [2.3493207, 48.8101368], [2.3492056, 48.8099909], [2.3491877, 48.8099682], [2.3489005, 48.8096038], [2.349053, 48.8095049], [2.3478734, 48.8086784], [2.3473804, 48.8081673], [2.3449689, 48.8054304], [2.3449355, 48.8053916], [2.342525, 48.8066094], [2.3426037, 48.8067146], [2.342751, 48.8070163], [2.3431998, 48.8079357], [2.3434021, 48.8082892], [2.342261, 48.8085591], [2.3419666, 48.8086369], [2.3420851, 48.8089097], [2.3420945, 48.8089315], [2.342228, 48.8092287], [2.3423723, 48.8096848], [2.3419278, 48.8097804], [2.3407718, 48.810118], [2.3406141, 48.8101473], [2.3390254, 48.8107998], [2.3393358, 48.8112017], [2.3396506, 48.8116071], [2.3399595, 48.8120153], [2.3402639, 48.8124224], [2.3382793, 48.8131832], [2.3384067, 48.8132808], [2.3373463, 48.8136072], [2.3371352, 48.8132915], [2.3369884, 48.8133505], [2.3368942, 48.8133895], [2.3368378, 48.813416], [2.3367084, 48.8134679], [2.3366738, 48.8135119], [2.3366747, 48.8135258], [2.3359992, 48.8135039], [2.3350877, 48.8134754], [2.3346166, 48.8135688], [2.3344633, 48.8132288], [2.3343439, 48.8129648], [2.3342872, 48.8129758], [2.3341476, 48.8126649], [2.3333694, 48.8128187], [2.3327148, 48.8129479], [2.3328551, 48.8132581], [2.3321564, 48.8133968], [2.3321104, 48.8133103], [2.3320685, 48.813225], [2.329069, 48.8137846], [2.3294006, 48.8141834], [2.3299254, 48.8148094], [2.3299402, 48.8148263], [2.3299905, 48.8148875], [2.3316261, 48.8168437], [2.331661, 48.8168849], [2.3316752, 48.816902], [2.3317414, 48.8170263], [2.33192, 48.8170081], [2.33196, 48.8170041], [2.3319785, 48.8170023], [2.3321455, 48.8169799], [2.3322416, 48.8169651], [2.3323383, 48.8169565], [2.3337086, 48.8167639], [2.3338201, 48.8167556], [2.3339902, 48.8167464], [2.334721, 48.8167086], [2.3347744, 48.8167052], [2.3349404, 48.8166945], [2.3351421, 48.8166815], [2.3352156, 48.8166768], [2.3353341, 48.8166692], [2.3355932, 48.8166525], [2.3360975, 48.8166201], [2.3380169, 48.8165202], [2.3386644, 48.8164844], [2.3395287, 48.8164436], [2.3402933, 48.8164153], [2.3404582, 48.8164067], [2.3416672, 48.8163437], [2.3430541, 48.8160662], [2.3436497, 48.815868], [2.343974, 48.8157662], [2.3444967, 48.8155755], [2.3444323, 48.8161064], [2.3464267, 48.8159133], [2.3466225, 48.8158942], [2.3469205, 48.8158654], [2.3471919, 48.8159982], [2.347389, 48.8160945], [2.3477868, 48.8162876], [2.3479768, 48.8163803], [2.3481888, 48.8164837], [2.3483612, 48.8165678], [2.3484943, 48.8166328], [2.3485476, 48.8166586], [2.3486894, 48.8167277]]]}}, {"type": "Feature", "properties": {"osm": 104868, "name": "Charenton-le-Pont", "insee": "94018"}, "geometry": {"type": "Polygon", "coordinates": [[[2.4024879, 48.8296469], [2.4030825, 48.8294233], [2.4036629, 48.8291808], [2.4039187, 48.8290697], [2.4042668, 48.8289036], [2.4045837, 48.828725], [2.4049181, 48.8285175], [2.4051946, 48.8283313], [2.4054526, 48.8281474], [2.4062283, 48.8275739], [2.4065165, 48.8273596], [2.4072826, 48.8267646], [2.407706, 48.8264733], [2.4083083, 48.8260909], [2.4087713, 48.8258283], [2.4092442, 48.8255893], [2.4096219, 48.8254189], [2.4099036, 48.8253074], [2.4100482, 48.8252583], [2.4102443, 48.8251916], [2.4102556, 48.8251885], [2.4105181, 48.8251161], [2.4108039, 48.8250515], [2.4112922, 48.824967], [2.4118362, 48.8248881], [2.4122982, 48.8248409], [2.4126166, 48.8248159], [2.4131934, 48.8247908], [2.4138483, 48.8247961], [2.4146248, 48.8248466], [2.4151562, 48.8248594], [2.4156614, 48.8248575], [2.416073, 48.8248444], [2.4163896, 48.824825], [2.416708, 48.824794], [2.4172153, 48.8247203], [2.4176276, 48.8246398], [2.4177225, 48.8246235], [2.4178147, 48.8246069], [2.4179109, 48.8245849], [2.4180742, 48.8245385], [2.4186792, 48.8243818], [2.419034, 48.8243004], [2.4192314, 48.8242621], [2.4193274, 48.8242486], [2.4193217, 48.8242118], [2.419547, 48.8241846], [2.4198602, 48.8241514], [2.4199475, 48.8241451], [2.4199295, 48.8235436], [2.4199289, 48.823523], [2.4199241, 48.8234233], [2.4199163, 48.8232996], [2.4199143, 48.823268], [2.4199138, 48.8232597], [2.4199136, 48.8232568], [2.4199135, 48.8232547], [2.4198731, 48.8225897], [2.4198571, 48.8224809], [2.4198457, 48.8223774], [2.4198417, 48.8223109], [2.4198405, 48.8222048], [2.4198362, 48.82202], [2.419796, 48.8213709], [2.4197926, 48.8213159], [2.4197872, 48.8212341], [2.4196091, 48.8183387], [2.419612, 48.8183079], [2.4196188, 48.818234], [2.4196316, 48.8179471], [2.4196348, 48.8178985], [2.41964, 48.8178178], [2.4196993, 48.8169101], [2.4195197, 48.8169018], [2.4190421, 48.8168358], [2.4180805, 48.816629], [2.4169996, 48.8164431], [2.4158538, 48.8162999], [2.4148466, 48.8162124], [2.4104606, 48.816436], [2.4093608, 48.8166335], [2.407618, 48.8173953], [2.4051718, 48.8181865], [2.4018073, 48.8193281], [2.3990779, 48.820334], [2.3963742, 48.8215491], [2.3937564, 48.8233178], [2.3909926, 48.8251148], [2.3905972, 48.8254348], [2.3902559, 48.8257262], [2.3909513, 48.8260324], [2.393214, 48.8270163], [2.3933003, 48.8270539], [2.3943522, 48.8275128], [2.3957464, 48.8277321], [2.3997742, 48.8288784], [2.4009961, 48.8292234], [2.4013057, 48.8293102], [2.401494, 48.8293657], [2.4024879, 48.8296469]]]}}, {"type": "Feature", "properties": {"osm": 105122, "name": "Le Kremlin-Bic\u00eatre", "insee": "94043"}, "geometry": {"type": "Polygon", "coordinates": [[[2.3566126, 48.8159806], [2.3600926, 48.8160209], [2.3634078, 48.8160593], [2.3642489, 48.8163269], [2.3646681, 48.8157779], [2.3647406, 48.8156845], [2.3648279, 48.8155667], [2.3646133, 48.8155], [2.3646001, 48.8152677], [2.3646662, 48.8151794], [2.3647077, 48.8151203], [2.3645358, 48.8150483], [2.3650965, 48.814103], [2.3649876, 48.814044], [2.3655997, 48.8130138], [2.3658383, 48.8126131], [2.3662358, 48.8119203], [2.3654323, 48.8116902], [2.3647368, 48.811491], [2.3643125, 48.8111997], [2.3656446, 48.8091697], [2.3666387, 48.8090527], [2.3678787, 48.8089067], [2.3681976, 48.8084934], [2.3671738, 48.8080858], [2.3663466, 48.8078456], [2.3653483, 48.8075723], [2.363423, 48.8071382], [2.363192, 48.8070837], [2.3631611, 48.8071821], [2.3630947, 48.8071728], [2.3628149, 48.8071209], [2.3621218, 48.8068359], [2.3617007, 48.8071757], [2.3614795, 48.8073328], [2.3614164, 48.8073769], [2.3613663, 48.8074112], [2.361332, 48.8074062], [2.3590668, 48.8064792], [2.3590082, 48.8064552], [2.3589535, 48.8064328], [2.3588912, 48.8064073], [2.3581391, 48.8060701], [2.3580968, 48.8060421], [2.3584171, 48.8054224], [2.3585332, 48.8048796], [2.3587024, 48.8040883], [2.3596914, 48.8030077], [2.3567133, 48.8034194], [2.3563868, 48.8030257], [2.3554496, 48.8031682], [2.354071, 48.8023752], [2.3530084, 48.8031624], [2.3528317, 48.8031691], [2.3522889, 48.8029295], [2.3523091, 48.8029065], [2.3515508, 48.8026019], [2.35079, 48.8022693], [2.3510948, 48.8019343], [2.3508875, 48.8018552], [2.3502204, 48.801595], [2.3493398, 48.8012934], [2.3489669, 48.8011648], [2.3484629, 48.8010653], [2.3476351, 48.8013393], [2.3475404, 48.8015911], [2.3476173, 48.8016927], [2.3461597, 48.8021262], [2.346356, 48.8023229], [2.3439949, 48.8031708], [2.3437982, 48.8032313], [2.3441059, 48.8041944], [2.3443845, 48.8047396], [2.3445699, 48.804959], [2.3449355, 48.8053916], [2.3449689, 48.8054304], [2.3473804, 48.8081673], [2.3478734, 48.8086784], [2.349053, 48.8095049], [2.3489005, 48.8096038], [2.3491877, 48.8099682], [2.3492056, 48.8099909], [2.3493207, 48.8101368], [2.3494574, 48.8103064], [2.3495097, 48.8103766], [2.3495955, 48.8104948], [2.3501774, 48.8109049], [2.3510127, 48.8115069], [2.3518774, 48.8120662], [2.3528067, 48.8124019], [2.3538589, 48.8129935], [2.3544643, 48.8134063], [2.355143, 48.814104], [2.3554944, 48.8145524], [2.355836, 48.8149607], [2.3562587, 48.8156198], [2.3566126, 48.8159806]]]}}, {"type": "Feature", "properties": {"osm": 105748, "name": "Ivry-sur-Seine", "insee": "94041"}, "geometry": {"type": "Polygon", "coordinates": [[[2.3946119, 48.7998999], [2.3945436, 48.7999285], [2.3945413, 48.7999364], [2.3940483, 48.8002507], [2.3936469, 48.800615], [2.3935332, 48.8006409], [2.3934016, 48.8006221], [2.3930529, 48.8004179], [2.3927614, 48.8004792], [2.3917148, 48.7993545], [2.3907766, 48.7998623], [2.3905277, 48.7998836], [2.3902682, 48.7999471], [2.3900372, 48.8000717], [2.3900053, 48.800154], [2.3895964, 48.8001917], [2.389117, 48.8000784], [2.3888854, 48.800286], [2.3886117, 48.8004412], [2.3879787, 48.8004053], [2.3869298, 48.8003503], [2.3866448, 48.8007454], [2.3856532, 48.8043188], [2.3855527, 48.8042861], [2.3850544, 48.804126], [2.3846, 48.8039819], [2.3843608, 48.8039058], [2.3841637, 48.8038412], [2.3840461, 48.803801], [2.3839363, 48.8037637], [2.3833659, 48.8035698], [2.3832745, 48.8035394], [2.3830801, 48.8034732], [2.3830379, 48.8034591], [2.3829031, 48.8034142], [2.382812, 48.8033745], [2.3827745, 48.8033557], [2.3826381, 48.8032878], [2.3825703, 48.8032532], [2.3824002, 48.8031639], [2.3822712, 48.8030962], [2.3820804, 48.8029885], [2.3815432, 48.8026221], [2.3814602, 48.802561], [2.381398, 48.8025241], [2.3813288, 48.8024874], [2.3805588, 48.8020803], [2.379895, 48.8017293], [2.3795661, 48.8015583], [2.3795292, 48.801539], [2.3794953, 48.8015216], [2.3794008, 48.8014753], [2.3793252, 48.8014376], [2.3793023, 48.8014284], [2.3792422, 48.8014979], [2.3789543, 48.8018653], [2.3783979, 48.8025684], [2.3779665, 48.803125], [2.3776831, 48.8034915], [2.3774147, 48.8038306], [2.377086, 48.8042553], [2.3766751, 48.8047854], [2.3763011, 48.8052702], [2.3761327, 48.8055077], [2.3758482, 48.805952], [2.3757007, 48.8059192], [2.3712225, 48.8040031], [2.370223, 48.8049768], [2.3703665, 48.8050405], [2.3699146, 48.8052772], [2.3684042, 48.806825], [2.3674538, 48.8077989], [2.3671738, 48.8080858], [2.3681976, 48.8084934], [2.3678787, 48.8089067], [2.3666387, 48.8090527], [2.3656446, 48.8091697], [2.3643125, 48.8111997], [2.3647368, 48.811491], [2.3654323, 48.8116902], [2.3662358, 48.8119203], [2.3658383, 48.8126131], [2.3655997, 48.8130138], [2.3649876, 48.814044], [2.3650965, 48.814103], [2.3645358, 48.8150483], [2.3647077, 48.8151203], [2.3646662, 48.8151794], [2.3646001, 48.8152677], [2.3646133, 48.8155], [2.3648279, 48.8155667], [2.3647406, 48.8156845], [2.3646681, 48.8157779], [2.3642489, 48.8163269], [2.3647314, 48.8164817], [2.3661679, 48.8169138], [2.3669819, 48.8172057], [2.3741539, 48.8195136], [2.3746098, 48.8196609], [2.376025, 48.8201183], [2.3778589, 48.820748], [2.3790587, 48.8211391], [2.3790883, 48.8211487], [2.3791335, 48.8211634], [2.3807452, 48.8216877], [2.3815135, 48.8224129], [2.383964, 48.8232812], [2.3851504, 48.8237015], [2.3870497, 48.82438], [2.3871708, 48.8244233], [2.3871992, 48.8244334], [2.3887664, 48.8249897], [2.3888124, 48.825006], [2.3888381, 48.8250197], [2.3897776, 48.8255204], [2.3902559, 48.8257262], [2.3905972, 48.8254348], [2.3909926, 48.8251148], [2.3937564, 48.8233178], [2.3963742, 48.8215491], [2.3990779, 48.820334], [2.4018073, 48.8193281], [2.4051718, 48.8181865], [2.407618, 48.8173953], [2.4093608, 48.8166335], [2.4097601, 48.8162242], [2.4099078, 48.8160728], [2.4101291, 48.8157023], [2.4102403, 48.8152295], [2.4102418, 48.8139333], [2.4097277, 48.8118469], [2.4089823, 48.8093613], [2.4089604, 48.8092883], [2.4088439, 48.8085036], [2.404153, 48.808113], [2.4044163, 48.8072569], [2.4052656, 48.8046164], [2.404978, 48.8042885], [2.4043646, 48.804512], [2.4022809, 48.804262], [2.4022263, 48.8040358], [2.4006436, 48.8040294], [2.4003734, 48.8045203], [2.4000429, 48.8044311], [2.399675, 48.8043233], [2.3996352, 48.8042958], [2.3996128, 48.8042719], [2.3995014, 48.803962], [2.3994395, 48.8036742], [2.3990101, 48.8029204], [2.3988025, 48.8025372], [2.3984809, 48.8018671], [2.3984487, 48.8018187], [2.3983772, 48.801677], [2.3982722, 48.8017673], [2.3977401, 48.8021807], [2.3974272, 48.8024371], [2.3971321, 48.802288], [2.3970837, 48.8022589], [2.3970008, 48.8021879], [2.3969903, 48.8021699], [2.3963289, 48.8013277], [2.3960428, 48.8010681], [2.3955754, 48.8006662], [2.3947835, 48.8000342], [2.3946119, 48.7998999]]]}}, {"type": "Feature", "properties": {"osm": 108318, "name": "Saint-Mand\u00e9", "insee": "94067"}, "geometry": {"type": "Polygon", "coordinates": [[[2.4163604, 48.8492351], [2.4166866, 48.8492486], [2.4175207, 48.8492798], [2.4176621, 48.8493142], [2.4188831, 48.8493919], [2.4189947, 48.8493866], [2.4189929, 48.8493549], [2.4189906, 48.8493153], [2.4189618, 48.8488096], [2.4187965, 48.8481991], [2.418702, 48.8475272], [2.4186348, 48.8463829], [2.4203194, 48.8462374], [2.4209058, 48.8461858], [2.4223659, 48.8460538], [2.4232735, 48.8459725], [2.423563, 48.8459473], [2.4244177, 48.8458715], [2.4261333, 48.8457192], [2.4282077, 48.8455445], [2.4281532, 48.8454782], [2.4280809, 48.8453951], [2.4279247, 48.845211], [2.4283222, 48.8451698], [2.4283215, 48.8451615], [2.4282806, 48.844966], [2.4282672, 48.8449012], [2.4282524, 48.8448329], [2.4282149, 48.844655], [2.4280926, 48.8440588], [2.4280792, 48.843997], [2.4280707, 48.8439559], [2.4280582, 48.8438938], [2.4280493, 48.8438506], [2.4279885, 48.8435487], [2.4279707, 48.8434626], [2.4279628, 48.8434238], [2.4279509, 48.843367], [2.4278249, 48.8427551], [2.4278205, 48.8427339], [2.4278076, 48.842673], [2.4277944, 48.8426091], [2.4277703, 48.8424982], [2.4277625, 48.8424576], [2.4277034, 48.8421729], [2.4276981, 48.8421493], [2.4276863, 48.8420967], [2.4276825, 48.8420733], [2.4276734, 48.8420278], [2.4276384, 48.8418597], [2.4276284, 48.841809], [2.4276073, 48.8417183], [2.4275631, 48.8415092], [2.4255749, 48.8416801], [2.4250912, 48.8417201], [2.4250455, 48.841725], [2.4247605, 48.8417696], [2.4248157, 48.8419004], [2.4245669, 48.841947], [2.4240616, 48.8423349], [2.4237003, 48.8426861], [2.423478, 48.8429793], [2.4231929, 48.8434022], [2.4230659, 48.8435911], [2.4229404, 48.8437789], [2.4228583, 48.8438881], [2.4227583, 48.844006], [2.4225741, 48.8441997], [2.4224549, 48.8442956], [2.4223441, 48.8443738], [2.4221064, 48.844498], [2.4199823, 48.8434672], [2.4199053, 48.8433561], [2.4199177, 48.8432968], [2.4199207, 48.8432328], [2.4199145, 48.8431492], [2.4199038, 48.8431027], [2.4198789, 48.8430451], [2.4198734, 48.8430323], [2.4198246, 48.8429555], [2.4197728, 48.8428955], [2.419711, 48.8428349], [2.4196351, 48.8427756], [2.4195777, 48.8427352], [2.4195373, 48.8426934], [2.4194237, 48.8424867], [2.4195701, 48.8415358], [2.419858, 48.8410675], [2.4200343, 48.8408961], [2.420269, 48.840693], [2.4203843, 48.8405539], [2.4204179, 48.8404984], [2.4206044, 48.8401879], [2.4207249, 48.8399465], [2.4208564, 48.8396534], [2.4209919, 48.8393016], [2.421074, 48.8390539], [2.4212226, 48.8385555], [2.4213, 48.8382468], [2.4214239, 48.8377072], [2.4215306, 48.83715], [2.4215633, 48.8370386], [2.4216385, 48.8368104], [2.4216968, 48.8366691], [2.4221777, 48.8358143], [2.4221084, 48.83578], [2.421602, 48.8355527], [2.4188688, 48.8345183], [2.4173319, 48.8340448], [2.4171163, 48.8339854], [2.4168864, 48.8339254], [2.4166366, 48.8338658], [2.4163436, 48.8338049], [2.4161107, 48.833761], [2.4158615, 48.8337185], [2.4156077, 48.8336823], [2.4153616, 48.8336512], [2.4151223, 48.833626], [2.414883, 48.8336055], [2.414622, 48.8335877], [2.4143693, 48.8335759], [2.4141387, 48.833571], [2.4139056, 48.8335711], [2.4136526, 48.8335769], [2.4134257, 48.8335871], [2.4131254, 48.8336049], [2.4127939, 48.833631], [2.4114269, 48.8338326], [2.4112276, 48.8338666], [2.4113209, 48.833917], [2.4114001, 48.833972], [2.4119259, 48.8343242], [2.4122756, 48.8345479], [2.4124104, 48.8349173], [2.4124881, 48.8351162], [2.4127744, 48.8358916], [2.4127861, 48.8359233], [2.4128577, 48.8361171], [2.4129239, 48.8363064], [2.4129586, 48.8364003], [2.4129803, 48.8364593], [2.4130023, 48.8365188], [2.4130221, 48.8365726], [2.4130362, 48.8366109], [2.4131004, 48.8367846], [2.4131424, 48.8368954], [2.4133095, 48.837337], [2.4133474, 48.8374389], [2.4133719, 48.8375097], [2.413513, 48.8378838], [2.4135331, 48.8379542], [2.4135428, 48.8379882], [2.4135969, 48.8381828], [2.4136412, 48.8383331], [2.413719, 48.8385986], [2.4137822, 48.8388142], [2.4137922, 48.8388482], [2.4138044, 48.83889], [2.4138157, 48.8389283], [2.4138484, 48.83904], [2.4138588, 48.8390755], [2.4138875, 48.8391733], [2.413898, 48.8392092], [2.413905, 48.8392331], [2.4139277, 48.8393106], [2.4139342, 48.8393327], [2.4139569, 48.8394155], [2.413979, 48.8394954], [2.414057, 48.8397453], [2.4140656, 48.8397848], [2.4142499, 48.8404131], [2.4142573, 48.8404383], [2.4142862, 48.840537], [2.4143134, 48.8406323], [2.4143498, 48.8407524], [2.4144915, 48.8412349], [2.4151421, 48.8433199], [2.415178, 48.8434269], [2.4151811, 48.8434373], [2.415209, 48.8435303], [2.4152499, 48.843665], [2.4153127, 48.8438715], [2.4156926, 48.845106], [2.4157227, 48.8452458], [2.4157466, 48.8453599], [2.4157655, 48.8454469], [2.415793, 48.8455794], [2.4157916, 48.845581], [2.4158088, 48.8456674], [2.4158594, 48.8459217], [2.4158669, 48.8459598], [2.4159441, 48.8464432], [2.4159377, 48.8464997], [2.4159926, 48.8466141], [2.4160155, 48.8467228], [2.4160714, 48.8469823], [2.416119, 48.8472048], [2.4161381, 48.8472933], [2.4161556, 48.8473806], [2.4161592, 48.8473985], [2.4161771, 48.847488], [2.4161844, 48.8475243], [2.4161931, 48.8475679], [2.4162005, 48.847605], [2.4162557, 48.8478811], [2.4162624, 48.8479143], [2.4162954, 48.8480794], [2.4163042, 48.8481235], [2.4163564, 48.8483846], [2.4163914, 48.8485641], [2.4164034, 48.8486194], [2.4164078, 48.8486413], [2.4164374, 48.8487895], [2.4163604, 48.8492351]]]}}, {"type": "Feature", "properties": {"osm": 108346, "name": "Vincennes", "insee": "94080"}, "geometry": {"type": "Polygon", "coordinates": [[[2.4189947, 48.8493866], [2.4197349, 48.8493297], [2.4198271, 48.8493226], [2.420815, 48.8492612], [2.4208707, 48.849258], [2.4210624, 48.8492467], [2.4219849, 48.8491788], [2.422067, 48.8491754], [2.4221489, 48.8491719], [2.4228093, 48.8491359], [2.4231215, 48.8491171], [2.4232382, 48.849108], [2.4235287, 48.8490905], [2.4242914, 48.8490433], [2.4248936, 48.8490061], [2.4249301, 48.8490044], [2.4262227, 48.8489307], [2.4263664, 48.8489225], [2.4266265, 48.8488957], [2.4268111, 48.8488866], [2.4268538, 48.8488837], [2.4283615, 48.8487998], [2.4283986, 48.8487996], [2.4284813, 48.8487919], [2.4286346, 48.8487845], [2.4286773, 48.8487815], [2.4293284, 48.8487433], [2.4293361, 48.8488542], [2.4293775, 48.8494187], [2.4294074, 48.8496551], [2.4294512, 48.8500743], [2.4294533, 48.8500932], [2.4295006, 48.8505848], [2.4295028, 48.8506074], [2.42956, 48.8509883], [2.4295636, 48.8510042], [2.4295827, 48.8510514], [2.4297612, 48.8510402], [2.4308212, 48.8509659], [2.4313507, 48.8509391], [2.4315802, 48.8509309], [2.4323923, 48.8511366], [2.4324863, 48.8511454], [2.432674, 48.8511415], [2.433122, 48.8510618], [2.4344747, 48.8508376], [2.43457, 48.85082], [2.4345655, 48.8509029], [2.4345793, 48.8512379], [2.434621, 48.8515255], [2.4346293, 48.8515692], [2.4346664, 48.8517159], [2.4348171, 48.8522979], [2.4348377, 48.8523765], [2.4348553, 48.8524287], [2.4352093, 48.8533148], [2.4352291, 48.8533651], [2.4353136, 48.853343], [2.4362342, 48.8531016], [2.4372426, 48.8528517], [2.4373229, 48.8528296], [2.4373798, 48.8528671], [2.4375678, 48.8531202], [2.4376323, 48.853218], [2.4377598, 48.8531972], [2.4387225, 48.8530337], [2.4388235, 48.853032], [2.4389237, 48.8530362], [2.4397478, 48.8530168], [2.4409947, 48.8530014], [2.4410533, 48.8530023], [2.4411717, 48.8530185], [2.4412504, 48.8530151], [2.4420666, 48.852937], [2.4426241, 48.8528833], [2.4428211, 48.8527692], [2.443221, 48.8526072], [2.443245, 48.852593], [2.4432934, 48.8525666], [2.4431067, 48.8524045], [2.4430801, 48.8523834], [2.4425647, 48.8519642], [2.442503, 48.8519149], [2.4425668, 48.8518847], [2.4429661, 48.851803], [2.4430545, 48.8517887], [2.4431411, 48.8517931], [2.4435396, 48.8518573], [2.443624, 48.8518674], [2.4437122, 48.8518701], [2.4440272, 48.8518464], [2.4442012, 48.8518343], [2.4443987, 48.8518217], [2.4444825, 48.8518155], [2.4445562, 48.8518075], [2.4446205, 48.8517959], [2.4447678, 48.8517607], [2.4453109, 48.8516332], [2.4454113, 48.8516086], [2.4461107, 48.8514258], [2.4462018, 48.8513974], [2.4462989, 48.8513739], [2.4470899, 48.8511754], [2.4471517, 48.8511595], [2.4478574, 48.8509765], [2.4479935, 48.8509433], [2.4480232, 48.850936], [2.4487004, 48.8507705], [2.449533, 48.8505671], [2.4495561, 48.8506303], [2.4496645, 48.8509275], [2.4498531, 48.8508932], [2.4498914, 48.8508862], [2.449921, 48.8509598], [2.4499658, 48.8509518], [2.4510145, 48.8507642], [2.4510618, 48.8507557], [2.4511215, 48.8507421], [2.4518988, 48.850565], [2.4519539, 48.8505524], [2.4520123, 48.8505374], [2.4523695, 48.8504524], [2.4523933, 48.850406], [2.4524151, 48.8504002], [2.4526375, 48.8503384], [2.4534435, 48.8501627], [2.4534646, 48.8501581], [2.4544036, 48.8499456], [2.4544324, 48.8500007], [2.4544394, 48.8499996], [2.454901, 48.8499258], [2.4556543, 48.8498337], [2.4557167, 48.8498964], [2.455857, 48.8498315], [2.456064, 48.8497357], [2.4562379, 48.8496573], [2.4563323, 48.8496115], [2.4563022, 48.8495518], [2.4562652, 48.8494785], [2.4560098, 48.8487676], [2.4560026, 48.8487476], [2.4562728, 48.8487213], [2.4562705, 48.8486996], [2.4562617, 48.8486668], [2.4561143, 48.8481205], [2.4559019, 48.847333], [2.4564209, 48.8470809], [2.4563013, 48.8465425], [2.4570407, 48.8461438], [2.457824, 48.8457251], [2.4577356, 48.8452877], [2.4515282, 48.846269], [2.4514497, 48.8462814], [2.4486064, 48.8467309], [2.4479796, 48.846784], [2.4479248, 48.8465036], [2.4479189, 48.8464733], [2.4477818, 48.8457723], [2.4477738, 48.8457313], [2.4479639, 48.8457174], [2.4479629, 48.8457127], [2.4479534, 48.845668], [2.4478727, 48.8452879], [2.4479503, 48.8452806], [2.4478663, 48.8449034], [2.4478536, 48.8448466], [2.4478436, 48.8448014], [2.4478415, 48.8447922], [2.447685, 48.8448075], [2.4464886, 48.8449241], [2.4464103, 48.8449317], [2.4465525, 48.8457294], [2.4465262, 48.8457499], [2.4441212, 48.8458462], [2.4407662, 48.8459165], [2.4407021, 48.8452843], [2.4406989, 48.8452505], [2.4406956, 48.845216], [2.4406948, 48.8452082], [2.4408738, 48.8452101], [2.4408088, 48.8448716], [2.4406163, 48.8448879], [2.4406085, 48.8448545], [2.4405999, 48.8448105], [2.4405929, 48.844776], [2.4405771, 48.8446958], [2.4405374, 48.8444837], [2.4405221, 48.8444018], [2.4405117, 48.8443462], [2.4394709, 48.8444354], [2.4393835, 48.8444429], [2.4387349, 48.8444995], [2.4379406, 48.8445688], [2.4378988, 48.8443709], [2.4375528, 48.8426582], [2.4375339, 48.8425656], [2.4372728, 48.841291], [2.4371919, 48.8408914], [2.4341386, 48.8411543], [2.4339621, 48.8411693], [2.4336793, 48.8411933], [2.4336379, 48.8409864], [2.432446, 48.8410908], [2.4282676, 48.8414483], [2.4275631, 48.8415092], [2.4276073, 48.8417183], [2.4276284, 48.841809], [2.4276384, 48.8418597], [2.4276734, 48.8420278], [2.4276825, 48.8420733], [2.4276863, 48.8420967], [2.4276981, 48.8421493], [2.4277034, 48.8421729], [2.4277625, 48.8424576], [2.4277703, 48.8424982], [2.4277944, 48.8426091], [2.4278076, 48.842673], [2.4278205, 48.8427339], [2.4278249, 48.8427551], [2.4279509, 48.843367], [2.4279628, 48.8434238], [2.4279707, 48.8434626], [2.4279885, 48.8435487], [2.4280493, 48.8438506], [2.4280582, 48.8438938], [2.4280707, 48.8439559], [2.4280792, 48.843997], [2.4280926, 48.8440588], [2.4282149, 48.844655], [2.4282524, 48.8448329], [2.4282672, 48.8449012], [2.4282806, 48.844966], [2.4283215, 48.8451615], [2.4283222, 48.8451698], [2.4279247, 48.845211], [2.4280809, 48.8453951], [2.4281532, 48.8454782], [2.4282077, 48.8455445], [2.4261333, 48.8457192], [2.4244177, 48.8458715], [2.423563, 48.8459473], [2.4232735, 48.8459725], [2.4223659, 48.8460538], [2.4209058, 48.8461858], [2.4203194, 48.8462374], [2.4186348, 48.8463829], [2.418702, 48.8475272], [2.4187965, 48.8481991], [2.4189618, 48.8488096], [2.4189906, 48.8493153], [2.4189929, 48.8493549], [2.4189947, 48.8493866]]]}}, {"type": "Feature", "properties": {"osm": 109361, "name": "Nogent-sur-Marne", "insee": "94052"}, "geometry": {"type": "Polygon", "coordinates": [[[2.4653607, 48.8314053], [2.4654908, 48.8316037], [2.4657206, 48.8318871], [2.4658973, 48.832072], [2.4660876, 48.8322528], [2.4664275, 48.8325223], [2.4667271, 48.8327216], [2.4676891, 48.8332164], [2.4680973, 48.833399], [2.4683752, 48.8335373], [2.4685898, 48.8336788], [2.4687575, 48.833815], [2.4689375, 48.8339906], [2.4690501, 48.8341224], [2.4691777, 48.8342828], [2.4692959, 48.8344541], [2.4693886, 48.8346145], [2.4694893, 48.8348337], [2.4696266, 48.8352843], [2.4697035, 48.8355556], [2.4697602, 48.8363848], [2.4697575, 48.8364455], [2.469746, 48.836491], [2.4697217, 48.8365474], [2.4696975, 48.8365902], [2.4695047, 48.8368914], [2.469417, 48.8370044], [2.4693053, 48.8371196], [2.4684575, 48.8378712], [2.4672316, 48.8390937], [2.4673093, 48.8391121], [2.4673144, 48.8391142], [2.4683085, 48.8395169], [2.4690572, 48.8398163], [2.4690932, 48.8398352], [2.469518, 48.8400139], [2.4686908, 48.8408979], [2.4722159, 48.8420443], [2.4722459, 48.8420541], [2.4726041, 48.8406307], [2.4727199, 48.8404723], [2.4731511, 48.8400524], [2.4742191, 48.840477], [2.4760328, 48.8411449], [2.4763615, 48.8419483], [2.4766945, 48.8424218], [2.4767774, 48.8425426], [2.4768025, 48.8426596], [2.4768022, 48.842744], [2.4775959, 48.8429122], [2.4780656, 48.8431015], [2.4780869, 48.8430768], [2.4792226, 48.8434927], [2.4795942, 48.8425965], [2.4798321, 48.8420256], [2.4798832, 48.8418949], [2.4815011, 48.8422454], [2.4821626, 48.8423887], [2.483192, 48.8423604], [2.4841171, 48.843097], [2.485494, 48.8431856], [2.4858129, 48.8433939], [2.4855696, 48.8442758], [2.4863361, 48.8444758], [2.4865042, 48.8445197], [2.4864807, 48.845093], [2.4865393, 48.8453376], [2.4866266, 48.8455434], [2.4872961, 48.8456256], [2.4875135, 48.8457726], [2.4873019, 48.8459411], [2.4871637, 48.8460189], [2.4872608, 48.8462003], [2.4876266, 48.8462728], [2.4877063, 48.8461738], [2.4877416, 48.8461991], [2.4878172, 48.8462694], [2.4879217, 48.846333], [2.4880018, 48.8463691], [2.4882047, 48.8464827], [2.4882545, 48.8464602], [2.4882784, 48.8465034], [2.488617, 48.8465785], [2.4888409, 48.8466418], [2.4888653, 48.8466487], [2.4889123, 48.846662], [2.489239, 48.8468104], [2.4893409, 48.8468619], [2.4899528, 48.8471713], [2.4915454, 48.8478019], [2.4918812, 48.8468338], [2.4936173, 48.8419963], [2.4938608, 48.8410781], [2.4940352, 48.8401658], [2.4941305, 48.8393694], [2.4942258, 48.8385728], [2.4942411, 48.8384562], [2.4944154, 48.8369875], [2.4944782, 48.8365182], [2.4945563, 48.836157], [2.4947647, 48.835496], [2.4947727, 48.8354745], [2.4948816, 48.8351957], [2.4950808, 48.8347617], [2.4952975, 48.8343691], [2.4953008, 48.8343641], [2.4955936, 48.8339184], [2.4964537, 48.8326091], [2.4964846, 48.8325621], [2.4965897, 48.832402], [2.4966047, 48.8323791], [2.4969887, 48.8317946], [2.4971975, 48.8314875], [2.4976198, 48.830811], [2.4973704, 48.8308143], [2.4965825, 48.8308246], [2.4948063, 48.830998], [2.4932779, 48.8309837], [2.4930933, 48.830972], [2.4929979, 48.8309725], [2.4921061, 48.8310183], [2.4910231, 48.8311314], [2.4904692, 48.8311321], [2.4897856, 48.8310476], [2.4886778, 48.8310348], [2.4876995, 48.8310456], [2.4866209, 48.8311515], [2.4845431, 48.8315294], [2.4839181, 48.8315372], [2.4828599, 48.8315505], [2.4813703, 48.8313245], [2.480435, 48.8312781], [2.4773768, 48.8308973], [2.4756715, 48.8305949], [2.4730867, 48.8299334], [2.4725537, 48.8297366], [2.4722063, 48.8295849], [2.4718168, 48.8293602], [2.471338, 48.8290035], [2.4709085, 48.829265], [2.4708653, 48.8292913], [2.4708103, 48.8293212], [2.4694801, 48.8300616], [2.4684948, 48.8290997], [2.4685191, 48.8290795], [2.4679571, 48.8285413], [2.4669183, 48.8271563], [2.4666928, 48.8261621], [2.465761, 48.8262824], [2.4658462, 48.8264973], [2.4661776, 48.8273334], [2.46543, 48.82757], [2.4652296, 48.8276698], [2.4650873, 48.8275399], [2.4649031, 48.8275734], [2.4646098, 48.8276268], [2.4645497, 48.8279406], [2.4645142, 48.8286098], [2.4646418, 48.8293648], [2.4649828, 48.8304477], [2.4651046, 48.8308408], [2.4652296, 48.8311514], [2.4653607, 48.8314053]]]}}, {"type": "Feature", "properties": {"osm": 109366, "name": "Fontenay-sous-Bois", "insee": "94033"}, "geometry": {"type": "Polygon", "coordinates": [[[2.4672316, 48.8390937], [2.4665407, 48.8399409], [2.4663776, 48.840114], [2.4659365, 48.8405091], [2.4656633, 48.8407344], [2.4652874, 48.8410224], [2.4649937, 48.841232], [2.4645546, 48.8415233], [2.4642297, 48.8417135], [2.4638398, 48.841913], [2.4632587, 48.8421642], [2.4627326, 48.8423677], [2.4622059, 48.8425514], [2.4617397, 48.8426945], [2.4611298, 48.8428536], [2.4611243, 48.8428549], [2.4608393, 48.8429217], [2.4596989, 48.8431435], [2.4580645, 48.8434559], [2.4536735, 48.8440233], [2.4522023, 48.8442275], [2.4493918, 48.8446367], [2.4478415, 48.8447922], [2.4478436, 48.8448014], [2.4478536, 48.8448466], [2.4478663, 48.8449034], [2.4479503, 48.8452806], [2.4478727, 48.8452879], [2.4479534, 48.845668], [2.4479629, 48.8457127], [2.4479639, 48.8457174], [2.4477738, 48.8457313], [2.4477818, 48.8457723], [2.4479189, 48.8464733], [2.4479248, 48.8465036], [2.4479796, 48.846784], [2.4486064, 48.8467309], [2.4514497, 48.8462814], [2.4515282, 48.846269], [2.4577356, 48.8452877], [2.457824, 48.8457251], [2.4570407, 48.8461438], [2.4563013, 48.8465425], [2.4564209, 48.8470809], [2.4559019, 48.847333], [2.4561143, 48.8481205], [2.4562617, 48.8486668], [2.4562705, 48.8486996], [2.4562728, 48.8487213], [2.4560026, 48.8487476], [2.4560098, 48.8487676], [2.4562652, 48.8494785], [2.4563022, 48.8495518], [2.4563323, 48.8496115], [2.4562379, 48.8496573], [2.456064, 48.8497357], [2.455857, 48.8498315], [2.4557167, 48.8498964], [2.4556543, 48.8498337], [2.454901, 48.8499258], [2.4544394, 48.8499996], [2.4544324, 48.8500007], [2.4544036, 48.8499456], [2.4534646, 48.8501581], [2.4534435, 48.8501627], [2.4526375, 48.8503384], [2.4524151, 48.8504002], [2.4523933, 48.850406], [2.4523695, 48.8504524], [2.4520123, 48.8505374], [2.4519539, 48.8505524], [2.4518988, 48.850565], [2.4511215, 48.8507421], [2.4510618, 48.8507557], [2.4510145, 48.8507642], [2.4499658, 48.8509518], [2.449921, 48.8509598], [2.4498914, 48.8508862], [2.4498531, 48.8508932], [2.4496645, 48.8509275], [2.4495561, 48.8506303], [2.449533, 48.8505671], [2.4487004, 48.8507705], [2.4480232, 48.850936], [2.4479935, 48.8509433], [2.4478574, 48.8509765], [2.4471517, 48.8511595], [2.4471806, 48.8512157], [2.447761, 48.8521453], [2.4478936, 48.8523583], [2.4475312, 48.8525137], [2.4477781, 48.8527021], [2.4478899, 48.8527509], [2.4479764, 48.8528132], [2.4482734, 48.8530438], [2.4484633, 48.8531809], [2.4485149, 48.8532237], [2.4485691, 48.8532751], [2.4488273, 48.8534738], [2.4490258, 48.8535694], [2.4497471, 48.8538632], [2.4503286, 48.8541131], [2.450505, 48.8541666], [2.4522928, 48.8549115], [2.4528311, 48.8550904], [2.4532309, 48.8552242], [2.4534005, 48.8552797], [2.4539277, 48.8553988], [2.455503, 48.8557046], [2.455971, 48.8557533], [2.4573434, 48.8559053], [2.4576021, 48.8559386], [2.4578074, 48.855968], [2.4579964, 48.8559763], [2.4584038, 48.8559936], [2.4589472, 48.8560166], [2.4590107, 48.8560201], [2.4598116, 48.856054], [2.4599811, 48.8560588], [2.4607287, 48.8560873], [2.4610851, 48.8561046], [2.4612761, 48.8561138], [2.4614215, 48.8561136], [2.4614995, 48.856128], [2.4617094, 48.8561492], [2.4618088, 48.856158], [2.4620131, 48.8561835], [2.4621163, 48.8561931], [2.4622534, 48.8561903], [2.4624938, 48.8562117], [2.4627025, 48.856247], [2.4629775, 48.8562738], [2.4634022, 48.8563127], [2.4636311, 48.8563184], [2.4640771, 48.8563638], [2.464228, 48.8563774], [2.465707, 48.8565208], [2.4661493, 48.8565496], [2.4664248, 48.8565643], [2.4665654, 48.8565728], [2.4667767, 48.8565805], [2.4668102, 48.8565817], [2.4672201, 48.8566072], [2.4674021, 48.8566211], [2.4674126, 48.8566452], [2.467074, 48.8578733], [2.4670401, 48.8580179], [2.4669367, 48.8584906], [2.4669935, 48.8584989], [2.4670596, 48.8585406], [2.4671274, 48.8590635], [2.4671514, 48.8591141], [2.4671464, 48.8591647], [2.4671113, 48.8594245], [2.4670536, 48.8595939], [2.466963, 48.8597557], [2.4669181, 48.8598416], [2.4667726, 48.8600608], [2.4677856, 48.8605014], [2.4684437, 48.8606666], [2.4688454, 48.8607138], [2.4692782, 48.8607525], [2.4696849, 48.8607568], [2.4697569, 48.8607514], [2.4711261, 48.8605294], [2.4714075, 48.8604881], [2.4715543, 48.8604661], [2.4717902, 48.8604286], [2.4733349, 48.860197], [2.4735144, 48.8601841], [2.4736518, 48.8601766], [2.4738435, 48.8601792], [2.4738599, 48.8601798], [2.4743213, 48.8601977], [2.4750433, 48.8601902], [2.4753122, 48.8601965], [2.4755184, 48.8602638], [2.4757834, 48.8603778], [2.475991, 48.8604276], [2.4761921, 48.8604603], [2.4764513, 48.860471], [2.4766846, 48.8604429], [2.4767168, 48.8604359], [2.4769848, 48.8603778], [2.4770435, 48.8603661], [2.4781679, 48.8601379], [2.478216, 48.86013], [2.4783896, 48.8601015], [2.4785052, 48.8600999], [2.4801409, 48.8600766], [2.4802162, 48.8600753], [2.4807021, 48.8600635], [2.4808144, 48.8600595], [2.4808398, 48.8600972], [2.480896, 48.860159], [2.4810141, 48.8603351], [2.4813033, 48.8609193], [2.4813543, 48.8610198], [2.4814345, 48.8611781], [2.481491, 48.8612409], [2.48157, 48.8613286], [2.4816348, 48.8614079], [2.4818266, 48.8614131], [2.483925, 48.861015], [2.4846386, 48.8608796], [2.4856353, 48.8606905], [2.486356, 48.8606799], [2.4866686, 48.860666], [2.4871134, 48.86065], [2.4875602, 48.8606625], [2.4880455, 48.8607109], [2.4885188, 48.8607928], [2.4886163, 48.8608107], [2.4886896, 48.8605556], [2.4899607, 48.8606914], [2.4900086, 48.8606954], [2.4900996, 48.8607049], [2.4909336, 48.8607916], [2.4910145, 48.8608], [2.4910939, 48.8606188], [2.4912323, 48.8602939], [2.4912569, 48.8602363], [2.4912826, 48.8601759], [2.4913798, 48.8599477], [2.4914913, 48.8596859], [2.4915538, 48.8595392], [2.49156, 48.8595246], [2.4923187, 48.8599449], [2.4923509, 48.8599591], [2.4934646, 48.8603694], [2.4941868, 48.8605484], [2.4943929, 48.8602464], [2.4961139, 48.8606626], [2.496565, 48.8599992], [2.497131, 48.8591833], [2.4968169, 48.8591481], [2.4957424, 48.8589643], [2.4948933, 48.8588191], [2.4950066, 48.8586217], [2.4951199, 48.8584242], [2.4951369, 48.8583945], [2.4951599, 48.8583531], [2.495453, 48.8578246], [2.495717, 48.857377], [2.4958934, 48.8570833], [2.4959062, 48.8570621], [2.4962901, 48.8564472], [2.4965132, 48.8561338], [2.4967791, 48.8557422], [2.4968068, 48.8556985], [2.497299, 48.8559607], [2.4981232, 48.8561967], [2.4983728, 48.8562688], [2.499309, 48.8565392], [2.4999571, 48.8557502], [2.4990332, 48.8554939], [2.4977713, 48.8550843], [2.4973135, 48.8549682], [2.4968075, 48.8545863], [2.4967121, 48.8542536], [2.4967781, 48.8541808], [2.4967403, 48.8541354], [2.4959848, 48.8534676], [2.4959659, 48.8532752], [2.496044, 48.8531764], [2.4958997, 48.8530827], [2.4958939, 48.8529901], [2.4959483, 48.8529046], [2.4946713, 48.85226], [2.4945109, 48.8522038], [2.4940113, 48.8518732], [2.4933233, 48.8516532], [2.4934313, 48.8508964], [2.4936188, 48.8504293], [2.4936188, 48.8502246], [2.4935866, 48.8499069], [2.4935719, 48.8487309], [2.4919029, 48.8483814], [2.4913955, 48.8482649], [2.4914421, 48.8481156], [2.4915454, 48.8478019], [2.4899528, 48.8471713], [2.4893409, 48.8468619], [2.489239, 48.8468104], [2.4889123, 48.846662], [2.4888653, 48.8466487], [2.4888409, 48.8466418], [2.488617, 48.8465785], [2.4882784, 48.8465034], [2.4882545, 48.8464602], [2.4882047, 48.8464827], [2.4880018, 48.8463691], [2.4879217, 48.846333], [2.4878172, 48.8462694], [2.4877416, 48.8461991], [2.4877063, 48.8461738], [2.4876266, 48.8462728], [2.4872608, 48.8462003], [2.4871637, 48.8460189], [2.4873019, 48.8459411], [2.4875135, 48.8457726], [2.4872961, 48.8456256], [2.4866266, 48.8455434], [2.4865393, 48.8453376], [2.4864807, 48.845093], [2.4865042, 48.8445197], [2.4863361, 48.8444758], [2.4855696, 48.8442758], [2.4858129, 48.8433939], [2.485494, 48.8431856], [2.4841171, 48.843097], [2.483192, 48.8423604], [2.4821626, 48.8423887], [2.4815011, 48.8422454], [2.4798832, 48.8418949], [2.4798321, 48.8420256], [2.4795942, 48.8425965], [2.4792226, 48.8434927], [2.4780869, 48.8430768], [2.4780656, 48.8431015], [2.4775959, 48.8429122], [2.4768022, 48.842744], [2.4768025, 48.8426596], [2.4767774, 48.8425426], [2.4766945, 48.8424218], [2.4763615, 48.8419483], [2.4760328, 48.8411449], [2.4742191, 48.840477], [2.4731511, 48.8400524], [2.4727199, 48.8404723], [2.4726041, 48.8406307], [2.4722459, 48.8420541], [2.4722159, 48.8420443], [2.4686908, 48.8408979], [2.469518, 48.8400139], [2.4690932, 48.8398352], [2.4690572, 48.8398163], [2.4683085, 48.8395169], [2.4673144, 48.8391142], [2.4673093, 48.8391121], [2.4672316, 48.8390937]]]}}, {"type": "Feature", "properties": {"osm": 109400, "name": "Joinville-le-Pont", "insee": "94042"}, "geometry": {"type": "Polygon", "coordinates": [[[2.4628033, 48.8190282], [2.4628098, 48.819077], [2.4625235, 48.8192671], [2.4626386, 48.8193437], [2.4629064, 48.8202032], [2.4646662, 48.8232739], [2.4647171, 48.8232776], [2.4652474, 48.8244958], [2.4651733, 48.8246935], [2.4651007, 48.8249857], [2.465359, 48.8250035], [2.4656948, 48.8260718], [2.465761, 48.8262824], [2.4666928, 48.8261621], [2.4669183, 48.8271563], [2.4679571, 48.8285413], [2.4685191, 48.8290795], [2.4684948, 48.8290997], [2.4694801, 48.8300616], [2.4708103, 48.8293212], [2.4708653, 48.8292913], [2.4709085, 48.829265], [2.471338, 48.8290035], [2.4718168, 48.8293602], [2.4722063, 48.8295849], [2.4725537, 48.8297366], [2.4730867, 48.8299334], [2.4756715, 48.8305949], [2.4758196, 48.8303586], [2.4758317, 48.8303359], [2.4758499, 48.830302], [2.4758898, 48.8302275], [2.4762804, 48.8294286], [2.4765188, 48.8289526], [2.4772498, 48.8274958], [2.4773135, 48.827142], [2.477999, 48.8271727], [2.4782256, 48.8261136], [2.478461, 48.8249505], [2.4790706, 48.8250009], [2.4787364, 48.8235118], [2.4789069, 48.8233381], [2.479766, 48.8223796], [2.4805239, 48.8215014], [2.4817812, 48.8200502], [2.4818353, 48.8199911], [2.4825095, 48.8199808], [2.4825266, 48.8199462], [2.4825204, 48.8198707], [2.4825176, 48.8198465], [2.4825129, 48.8198061], [2.4824899, 48.8196074], [2.4824785, 48.8195035], [2.4824698, 48.8194214], [2.4824437, 48.8193513], [2.4824288, 48.8192427], [2.4824071, 48.819085], [2.4823975, 48.8190145], [2.4823911, 48.818955], [2.4823186, 48.8184347], [2.4822965, 48.8182715], [2.4822784, 48.8181385], [2.4822456, 48.8178974], [2.482215, 48.8176716], [2.4822053, 48.8176003], [2.4821887, 48.8174758], [2.4821844, 48.8174466], [2.4821677, 48.8173077], [2.4820679, 48.8165619], [2.4820456, 48.8163668], [2.4820376, 48.8163168], [2.4820114, 48.8161677], [2.4819805, 48.8160421], [2.4819598, 48.815976], [2.4819069, 48.8158769], [2.4817876, 48.8156915], [2.4816128, 48.8154514], [2.4814202, 48.8152016], [2.4812746, 48.8150066], [2.4812532, 48.814978], [2.4811834, 48.8148769], [2.4811311, 48.8148015], [2.4811147, 48.8147799], [2.4809182, 48.8145218], [2.480819, 48.814407], [2.4807367, 48.8143102], [2.4804843, 48.8139865], [2.4804541, 48.8139453], [2.4801035, 48.8134762], [2.4789984, 48.8138616], [2.4764664, 48.8147433], [2.4763628, 48.8147532], [2.4754177, 48.8151402], [2.4747584, 48.8154102], [2.4738619, 48.8157931], [2.4735282, 48.8154334], [2.4734166, 48.8153422], [2.4726037, 48.8144587], [2.4725606, 48.8144112], [2.472537, 48.8143882], [2.4724857, 48.8143354], [2.4716462, 48.8136365], [2.4714065, 48.8138407], [2.4714155, 48.8138235], [2.4711585, 48.813674], [2.4711715, 48.8136654], [2.4709732, 48.8135736], [2.4710005, 48.8135581], [2.4699007, 48.8124773], [2.4695987, 48.8125566], [2.4690582, 48.8127005], [2.468903, 48.8127376], [2.4686877, 48.8127955], [2.4688159, 48.8124067], [2.4689517, 48.8118963], [2.4686912, 48.8118068], [2.4685708, 48.8117496], [2.4677374, 48.8113124], [2.4671448, 48.8110259], [2.4668885, 48.8109211], [2.4665941, 48.8108411], [2.4664, 48.8107547], [2.4662567, 48.8106734], [2.4660607, 48.810522], [2.4658525, 48.8103111], [2.4657084, 48.8100552], [2.4656841, 48.8098721], [2.4656782, 48.8098279], [2.4656257, 48.8098179], [2.4653983, 48.8098199], [2.4652035, 48.8099664], [2.4650935, 48.8101361], [2.4650733, 48.8104311], [2.4652556, 48.810683], [2.4654872, 48.8109169], [2.4655232, 48.811041], [2.4654376, 48.8112102], [2.465373, 48.8113018], [2.4653431, 48.8113445], [2.4652869, 48.8113257], [2.4647131, 48.8117447], [2.4630373, 48.8107514], [2.4609942, 48.8095243], [2.4609894, 48.8095214], [2.4605975, 48.8092939], [2.4597995, 48.8096658], [2.4576779, 48.8106251], [2.4571861, 48.8109214], [2.4571773, 48.8109289], [2.455641, 48.8122308], [2.4546136, 48.8133304], [2.4545316, 48.8134037], [2.4553931, 48.8139315], [2.4563133, 48.8133945], [2.4564462, 48.8134856], [2.4572809, 48.8129897], [2.4581506, 48.8136242], [2.4593973, 48.8127104], [2.4622905, 48.8144142], [2.4629162, 48.8148097], [2.4630439, 48.814898], [2.4631503, 48.8149638], [2.4633333, 48.8150488], [2.4633671, 48.8150645], [2.4635335, 48.8151418], [2.4636071, 48.815176], [2.4640466, 48.8154593], [2.4643756, 48.8156623], [2.4651157, 48.8161192], [2.4641258, 48.8165832], [2.4638131, 48.8166712], [2.4613077, 48.8182984], [2.4628033, 48.8190282]]]}}, {"type": "Feature", "properties": {"osm": 109407, "name": "Saint-Maurice", "insee": "94069"}, "geometry": {"type": "Polygon", "coordinates": [[[2.4199475, 48.8241451], [2.4202284, 48.8241207], [2.420356, 48.8241138], [2.4208041, 48.824104], [2.4211239, 48.824109], [2.421691, 48.824126], [2.4217075, 48.8241527], [2.4217808, 48.8241548], [2.4219893, 48.8241649], [2.422527, 48.8241911], [2.4228735, 48.824208], [2.4239785, 48.8242592], [2.424475, 48.82427], [2.4249497, 48.8242682], [2.4256513, 48.824248], [2.4259572, 48.824229], [2.4265006, 48.8241836], [2.4271518, 48.8241115], [2.4278325, 48.8240111], [2.4283754, 48.8239124], [2.4289466, 48.8237863], [2.4292498, 48.8237087], [2.4297508, 48.8235653], [2.4302392, 48.8234026], [2.4306911, 48.8232341], [2.4306204, 48.8231559], [2.4305491, 48.8230771], [2.4303863, 48.8228801], [2.4321533, 48.8216437], [2.4321897, 48.8216184], [2.432624, 48.8219016], [2.4326578, 48.8218747], [2.4327471, 48.8218037], [2.4328527, 48.8217196], [2.4328895, 48.8216904], [2.4324743, 48.82142], [2.4343025, 48.8201561], [2.4342698, 48.8199244], [2.43418, 48.8192814], [2.4343234, 48.8193853], [2.4345005, 48.8193731], [2.4348187, 48.8195444], [2.4349332, 48.819591], [2.4350769, 48.8196336], [2.4351352, 48.8196472], [2.4351649, 48.8196495], [2.4359635, 48.8196002], [2.4361092, 48.8195849], [2.4362661, 48.8195603], [2.4364604, 48.8195157], [2.4367628, 48.8194299], [2.4369678, 48.8193634], [2.4370878, 48.8193167], [2.4372529, 48.8192433], [2.4373606, 48.8191833], [2.4374703, 48.8191048], [2.437425, 48.8188267], [2.437387, 48.8185935], [2.4373499, 48.8182191], [2.4395917, 48.818363], [2.4397507, 48.8183664], [2.4398636, 48.8183635], [2.4400143, 48.8183507], [2.4416505, 48.818039], [2.4421595, 48.8179762], [2.442673, 48.8179577], [2.4449831, 48.8179498], [2.4476126, 48.8180268], [2.4496376, 48.8179621], [2.4508256, 48.8178087], [2.4533172, 48.8172942], [2.4538889, 48.8172213], [2.4545494, 48.817137], [2.4546881, 48.8171308], [2.4572152, 48.8170183], [2.4586327, 48.8170123], [2.4592493, 48.8172454], [2.4591969, 48.8173344], [2.4597546, 48.8175402], [2.4613077, 48.8182984], [2.4638131, 48.8166712], [2.4641258, 48.8165832], [2.4651157, 48.8161192], [2.4643756, 48.8156623], [2.4640466, 48.8154593], [2.4636071, 48.815176], [2.4635335, 48.8151418], [2.4633671, 48.8150645], [2.4633333, 48.8150488], [2.4631503, 48.8149638], [2.4630439, 48.814898], [2.4629162, 48.8148097], [2.4622905, 48.8144142], [2.4593973, 48.8127104], [2.4581506, 48.8136242], [2.4572809, 48.8129897], [2.4564462, 48.8134856], [2.4563133, 48.8133945], [2.4553931, 48.8139315], [2.4545316, 48.8134037], [2.4541856, 48.8136393], [2.4537256, 48.8139144], [2.4525623, 48.8149122], [2.4520097, 48.8153101], [2.4514847, 48.8156224], [2.451311, 48.8156883], [2.4511684, 48.8157425], [2.4507169, 48.8158335], [2.4500778, 48.8159217], [2.447541, 48.8160915], [2.4446784, 48.8162483], [2.4442681, 48.8161849], [2.4440229, 48.8162037], [2.443468, 48.8162043], [2.4424587, 48.8161946], [2.4416787, 48.8162139], [2.441136, 48.8162701], [2.4405854, 48.8163875], [2.4390302, 48.8168217], [2.4379126, 48.8169767], [2.4371526, 48.8169561], [2.4363081, 48.8169144], [2.4358898, 48.8168377], [2.4356443, 48.8167424], [2.4351694, 48.8165091], [2.4346987, 48.8163794], [2.4343769, 48.8163239], [2.4339323, 48.8161967], [2.4334072, 48.8161345], [2.4324962, 48.8161161], [2.431509, 48.8161619], [2.43115, 48.8161785], [2.4301147, 48.8163274], [2.4291499, 48.816453], [2.4285268, 48.8165544], [2.4270913, 48.8165396], [2.4261664, 48.8164926], [2.4255511, 48.8164267], [2.4245951, 48.8162923], [2.424149, 48.8162594], [2.4232193, 48.8163182], [2.4221012, 48.8164767], [2.4216616, 48.81656], [2.4207006, 48.8167724], [2.4200349, 48.8169098], [2.4196993, 48.8169101], [2.41964, 48.8178178], [2.4196348, 48.8178985], [2.4196316, 48.8179471], [2.4196188, 48.818234], [2.419612, 48.8183079], [2.4196091, 48.8183387], [2.4197872, 48.8212341], [2.4197926, 48.8213159], [2.419796, 48.8213709], [2.4198362, 48.82202], [2.4198405, 48.8222048], [2.4198417, 48.8223109], [2.4198457, 48.8223774], [2.4198571, 48.8224809], [2.4198731, 48.8225897], [2.4199135, 48.8232547], [2.4199136, 48.8232568], [2.4199138, 48.8232597], [2.4199143, 48.823268], [2.4199163, 48.8232996], [2.4199241, 48.8234233], [2.4199289, 48.823523], [2.4199295, 48.8235436], [2.4199475, 48.8241451]]]}}, {"type": "Feature", "properties": {"osm": 129423, "name": "Montreuil", "insee": "93048"}, "geometry": {"type": "Polygon", "coordinates": [[[2.4189947, 48.8493866], [2.4188831, 48.8493919], [2.4176621, 48.8493142], [2.4175207, 48.8492798], [2.4166866, 48.8492486], [2.4163604, 48.8492351], [2.4161976, 48.8498896], [2.416038, 48.8508465], [2.4160156, 48.8509919], [2.4158824, 48.8518014], [2.4157103, 48.8527876], [2.4155987, 48.8534671], [2.415524, 48.8539324], [2.415461, 48.8542264], [2.4153405, 48.8548473], [2.4152827, 48.8551803], [2.416799, 48.8558844], [2.4168789, 48.8559275], [2.4171453, 48.8560226], [2.4175087, 48.8561339], [2.418135, 48.8562618], [2.4182337, 48.8562827], [2.4182898, 48.8562941], [2.4191743, 48.8564932], [2.4215493, 48.8569879], [2.4217438, 48.8570359], [2.4218513, 48.8570601], [2.4219732, 48.8570883], [2.4221658, 48.857125], [2.4226855, 48.8572064], [2.4231142, 48.8572065], [2.4231438, 48.8572095], [2.4233376, 48.8572723], [2.4233928, 48.8572927], [2.4233901, 48.8573499], [2.4234019, 48.8581671], [2.423403, 48.8582381], [2.4234039, 48.8582969], [2.4234046, 48.8583468], [2.4234158, 48.8591914], [2.4234156, 48.8595972], [2.4234155, 48.8596793], [2.4234185, 48.8597269], [2.4234203, 48.8597564], [2.42334, 48.8598891], [2.4232719, 48.8600052], [2.4232088, 48.8601151], [2.4229945, 48.8605044], [2.4229594, 48.8605544], [2.4228828, 48.8606124], [2.4224764, 48.8608622], [2.4226474, 48.8611082], [2.4227644, 48.8613496], [2.4228739, 48.861567], [2.4229172, 48.8616743], [2.4229483, 48.8617718], [2.4230188, 48.8618157], [2.4230865, 48.8618503], [2.4231284, 48.8618631], [2.423172, 48.8618707], [2.4233349, 48.861892], [2.4236584, 48.8619431], [2.4240346, 48.862065], [2.423911, 48.8626723], [2.4239064, 48.8626949], [2.4242955, 48.8627384], [2.4248116, 48.8628218], [2.4250964, 48.8628734], [2.4254402, 48.8629509], [2.4257998, 48.8630211], [2.4261788, 48.8630921], [2.4286361, 48.863548], [2.4286202, 48.863601], [2.4287428, 48.8636059], [2.4282005, 48.8651787], [2.4278194, 48.8662201], [2.4277742, 48.8662494], [2.4277195, 48.8662552], [2.4276764, 48.8662362], [2.4276169, 48.8662877], [2.4280229, 48.8664795], [2.4283094, 48.8666202], [2.4284132, 48.8666711], [2.4287926, 48.8668558], [2.4289106, 48.8669382], [2.429048, 48.8670342], [2.4291557, 48.8671215], [2.4291817, 48.8671444], [2.4292329, 48.8671881], [2.4292643, 48.8672264], [2.4294863, 48.8674975], [2.4295241, 48.8675517], [2.4294358, 48.8676154], [2.4289279, 48.8679413], [2.4292451, 48.8681551], [2.4293652, 48.8682313], [2.4289484, 48.8683091], [2.4299471, 48.8690797], [2.4302168, 48.8692109], [2.4302776, 48.8692572], [2.4305297, 48.8701483], [2.4301854, 48.8706718], [2.4309337, 48.8710349], [2.4310249, 48.8710707], [2.4311111, 48.8711026], [2.4311992, 48.871141], [2.4317855, 48.871398], [2.4321148, 48.8715423], [2.4324555, 48.871777], [2.4326871, 48.8721536], [2.4328904, 48.8724546], [2.4336314, 48.8735197], [2.4336651, 48.8735682], [2.4337155, 48.8736412], [2.4337762, 48.8737291], [2.4339706, 48.8739687], [2.4342826, 48.874149], [2.4346021, 48.8743101], [2.434975, 48.874458], [2.4353919, 48.8746145], [2.4354538, 48.8745576], [2.4362923, 48.873786], [2.4370014, 48.8731687], [2.4372944, 48.8728785], [2.4376495, 48.87254], [2.4379195, 48.8723003], [2.4382903, 48.8719529], [2.4383212, 48.8719079], [2.4383627, 48.8718475], [2.438054, 48.8718606], [2.4382274, 48.8713766], [2.4385538, 48.8713254], [2.4386408, 48.8713118], [2.4386952, 48.8713158], [2.4395231, 48.8713766], [2.4396346, 48.8713866], [2.4397075, 48.8713945], [2.4397457, 48.8713987], [2.4399204, 48.8714178], [2.4409815, 48.8715508], [2.4420491, 48.8716871], [2.4420746, 48.8716903], [2.442162, 48.8717135], [2.4422231, 48.8717677], [2.4422995, 48.8717469], [2.4422345, 48.8718473], [2.4424716, 48.8718392], [2.4425954, 48.8718349], [2.4428795, 48.8718458], [2.443453, 48.871886], [2.4435387, 48.8718947], [2.4437848, 48.8719318], [2.4440047, 48.8719926], [2.444447, 48.8721259], [2.4451956, 48.8722956], [2.4452861, 48.8723212], [2.4457922, 48.8725782], [2.4459879, 48.8727018], [2.4462075, 48.8728559], [2.4463543, 48.8729945], [2.4464501, 48.8730569], [2.446615, 48.8731492], [2.4467971, 48.8732541], [2.4469369, 48.8735083], [2.4469771, 48.8735869], [2.4472381, 48.8739553], [2.4474309, 48.8741745], [2.4476796, 48.8744778], [2.4477084, 48.8745442], [2.4477444, 48.8745966], [2.4478203, 48.8747008], [2.4478489, 48.8747381], [2.4487916, 48.8759686], [2.4488324, 48.8760202], [2.4489292, 48.8761353], [2.4491156, 48.8764385], [2.4493252, 48.8768629], [2.4501853, 48.8769254], [2.4512539, 48.8770156], [2.4512716, 48.8770727], [2.45129, 48.8771274], [2.4513017, 48.8771605], [2.4513122, 48.8771904], [2.451355, 48.8773184], [2.4513647, 48.8773458], [2.4517781, 48.8785156], [2.4518329, 48.8785119], [2.4518837, 48.8785084], [2.4549308, 48.8783059], [2.4556369, 48.878425], [2.4567073, 48.8785421], [2.4577392, 48.878635], [2.4578646, 48.8786457], [2.4587779, 48.8787303], [2.4591415, 48.8787474], [2.4592844, 48.8784753], [2.4599678, 48.8783816], [2.4599911, 48.8784409], [2.4612098, 48.8783544], [2.4612463, 48.8783179], [2.4612935, 48.8783544], [2.462849, 48.8781808], [2.4630625, 48.878477], [2.4632511, 48.8784216], [2.4636071, 48.878366], [2.4649038, 48.8780347], [2.4649281, 48.8780701], [2.4651078, 48.8780273], [2.4654516, 48.8779295], [2.4655952, 48.877893], [2.4661322, 48.8777563], [2.46641, 48.8776856], [2.4683673, 48.8772074], [2.4675057, 48.8763537], [2.4674413, 48.8762948], [2.4675066, 48.8762509], [2.4676366, 48.8761634], [2.4678257, 48.8760362], [2.4680365, 48.8758944], [2.4681963, 48.8757869], [2.4682178, 48.8757728], [2.4684931, 48.8755931], [2.4691346, 48.8751742], [2.469636, 48.8748468], [2.4697, 48.874805], [2.4698279, 48.8747122], [2.4700038, 48.8745844], [2.4701533, 48.874394], [2.4702301, 48.8742628], [2.4702691, 48.8741545], [2.4703064, 48.8739639], [2.4703489, 48.8737985], [2.4703877, 48.8735916], [2.4704083, 48.8734971], [2.4704738, 48.8731338], [2.4705703, 48.872647], [2.4706361, 48.8723258], [2.4706726, 48.872119], [2.4706934, 48.8720013], [2.4707219, 48.871867], [2.4708074, 48.8713651], [2.4708299, 48.8712635], [2.4708543, 48.8711534], [2.4708908, 48.8710266], [2.4709709, 48.8706243], [2.4709786, 48.8705855], [2.4710355, 48.8702158], [2.4710281, 48.8700986], [2.4709143, 48.8697206], [2.4708408, 48.869498], [2.4708847, 48.8694656], [2.4709105, 48.8694525], [2.4715025, 48.869167], [2.4717389, 48.8690505], [2.4718424, 48.8689464], [2.4718995, 48.8688447], [2.4720688, 48.8680303], [2.4722, 48.8675216], [2.4722147, 48.8674646], [2.4722796, 48.8674582], [2.4725977, 48.8674345], [2.4740382, 48.8673314], [2.474084, 48.8673323], [2.4743311, 48.8673384], [2.4746061, 48.8672686], [2.4747252, 48.8673989], [2.4749476, 48.867494], [2.4751573, 48.8675568], [2.4770701, 48.8681806], [2.4778517, 48.8682664], [2.4788565, 48.8683765], [2.4790046, 48.8684129], [2.4791271, 48.8684617], [2.4792532, 48.868526], [2.4793312, 48.8685956], [2.4793763, 48.8686465], [2.4794749, 48.8687699], [2.4795143, 48.8688837], [2.4795272, 48.8689624], [2.4795658, 48.8691946], [2.4807607, 48.8689597], [2.4808593, 48.8689185], [2.4804574, 48.8685163], [2.4801939, 48.8682472], [2.4797616, 48.8678203], [2.4797233, 48.8677831], [2.479708, 48.8677683], [2.4799936, 48.8675961], [2.480601, 48.8670882], [2.4810775, 48.8672508], [2.4811527, 48.8672813], [2.481295, 48.8672732], [2.4813853, 48.8672516], [2.481442, 48.867238], [2.4818495, 48.8671405], [2.4821701, 48.8670639], [2.4821965, 48.8669107], [2.4822275, 48.8667655], [2.4822451, 48.8665668], [2.4823697, 48.8659932], [2.4824782, 48.8654939], [2.4826334, 48.8647562], [2.4826791, 48.8645478], [2.4826828, 48.8644172], [2.4826888, 48.8640807], [2.4827555, 48.8639927], [2.4828111, 48.8639176], [2.4827356, 48.8637774], [2.4826666, 48.8636331], [2.4824128, 48.8631549], [2.4822519, 48.8628166], [2.4821292, 48.8625872], [2.4820867, 48.8624903], [2.4821203, 48.8624894], [2.4817577, 48.8617521], [2.4817579, 48.8617128], [2.481781, 48.8616021], [2.4818266, 48.8614131], [2.4816348, 48.8614079], [2.48157, 48.8613286], [2.481491, 48.8612409], [2.4814345, 48.8611781], [2.4813543, 48.8610198], [2.4813033, 48.8609193], [2.4810141, 48.8603351], [2.480896, 48.860159], [2.4808398, 48.8600972], [2.4808144, 48.8600595], [2.4807021, 48.8600635], [2.4802162, 48.8600753], [2.4801409, 48.8600766], [2.4785052, 48.8600999], [2.4783896, 48.8601015], [2.478216, 48.86013], [2.4781679, 48.8601379], [2.4770435, 48.8603661], [2.4769848, 48.8603778], [2.4767168, 48.8604359], [2.4766846, 48.8604429], [2.4764513, 48.860471], [2.4761921, 48.8604603], [2.475991, 48.8604276], [2.4757834, 48.8603778], [2.4755184, 48.8602638], [2.4753122, 48.8601965], [2.4750433, 48.8601902], [2.4743213, 48.8601977], [2.4738599, 48.8601798], [2.4738435, 48.8601792], [2.4736518, 48.8601766], [2.4735144, 48.8601841], [2.4733349, 48.860197], [2.4717902, 48.8604286], [2.4715543, 48.8604661], [2.4714075, 48.8604881], [2.4711261, 48.8605294], [2.4697569, 48.8607514], [2.4696849, 48.8607568], [2.4692782, 48.8607525], [2.4688454, 48.8607138], [2.4684437, 48.8606666], [2.4677856, 48.8605014], [2.4667726, 48.8600608], [2.4669181, 48.8598416], [2.466963, 48.8597557], [2.4670536, 48.8595939], [2.4671113, 48.8594245], [2.4671464, 48.8591647], [2.4671514, 48.8591141], [2.4671274, 48.8590635], [2.4670596, 48.8585406], [2.4669935, 48.8584989], [2.4669367, 48.8584906], [2.4670401, 48.8580179], [2.467074, 48.8578733], [2.4674126, 48.8566452], [2.4674021, 48.8566211], [2.4672201, 48.8566072], [2.4668102, 48.8565817], [2.4667767, 48.8565805], [2.4665654, 48.8565728], [2.4664248, 48.8565643], [2.4661493, 48.8565496], [2.465707, 48.8565208], [2.464228, 48.8563774], [2.4640771, 48.8563638], [2.4636311, 48.8563184], [2.4634022, 48.8563127], [2.4629775, 48.8562738], [2.4627025, 48.856247], [2.4624938, 48.8562117], [2.4622534, 48.8561903], [2.4621163, 48.8561931], [2.4620131, 48.8561835], [2.4618088, 48.856158], [2.4617094, 48.8561492], [2.4614995, 48.856128], [2.4614215, 48.8561136], [2.4612761, 48.8561138], [2.4610851, 48.8561046], [2.4607287, 48.8560873], [2.4599811, 48.8560588], [2.4598116, 48.856054], [2.4590107, 48.8560201], [2.4589472, 48.8560166], [2.4584038, 48.8559936], [2.4579964, 48.8559763], [2.4578074, 48.855968], [2.4576021, 48.8559386], [2.4573434, 48.8559053], [2.455971, 48.8557533], [2.455503, 48.8557046], [2.4539277, 48.8553988], [2.4534005, 48.8552797], [2.4532309, 48.8552242], [2.4528311, 48.8550904], [2.4522928, 48.8549115], [2.450505, 48.8541666], [2.4503286, 48.8541131], [2.4497471, 48.8538632], [2.4490258, 48.8535694], [2.4488273, 48.8534738], [2.4485691, 48.8532751], [2.4485149, 48.8532237], [2.4484633, 48.8531809], [2.4482734, 48.8530438], [2.4479764, 48.8528132], [2.4478899, 48.8527509], [2.4477781, 48.8527021], [2.4475312, 48.8525137], [2.4478936, 48.8523583], [2.447761, 48.8521453], [2.4471806, 48.8512157], [2.4471517, 48.8511595], [2.4470899, 48.8511754], [2.4462989, 48.8513739], [2.4462018, 48.8513974], [2.4461107, 48.8514258], [2.4454113, 48.8516086], [2.4453109, 48.8516332], [2.4447678, 48.8517607], [2.4446205, 48.8517959], [2.4445562, 48.8518075], [2.4444825, 48.8518155], [2.4443987, 48.8518217], [2.4442012, 48.8518343], [2.4440272, 48.8518464], [2.4437122, 48.8518701], [2.443624, 48.8518674], [2.4435396, 48.8518573], [2.4431411, 48.8517931], [2.4430545, 48.8517887], [2.4429661, 48.851803], [2.4425668, 48.8518847], [2.442503, 48.8519149], [2.4425647, 48.8519642], [2.4430801, 48.8523834], [2.4431067, 48.8524045], [2.4432934, 48.8525666], [2.443245, 48.852593], [2.443221, 48.8526072], [2.4428211, 48.8527692], [2.4426241, 48.8528833], [2.4420666, 48.852937], [2.4412504, 48.8530151], [2.4411717, 48.8530185], [2.4410533, 48.8530023], [2.4409947, 48.8530014], [2.4397478, 48.8530168], [2.4389237, 48.8530362], [2.4388235, 48.853032], [2.4387225, 48.8530337], [2.4377598, 48.8531972], [2.4376323, 48.853218], [2.4375678, 48.8531202], [2.4373798, 48.8528671], [2.4373229, 48.8528296], [2.4372426, 48.8528517], [2.4362342, 48.8531016], [2.4353136, 48.853343], [2.4352291, 48.8533651], [2.4352093, 48.8533148], [2.4348553, 48.8524287], [2.4348377, 48.8523765], [2.4348171, 48.8522979], [2.4346664, 48.8517159], [2.4346293, 48.8515692], [2.434621, 48.8515255], [2.4345793, 48.8512379], [2.4345655, 48.8509029], [2.43457, 48.85082], [2.4344747, 48.8508376], [2.433122, 48.8510618], [2.432674, 48.8511415], [2.4324863, 48.8511454], [2.4323923, 48.8511366], [2.4315802, 48.8509309], [2.4313507, 48.8509391], [2.4308212, 48.8509659], [2.4297612, 48.8510402], [2.4295827, 48.8510514], [2.4295636, 48.8510042], [2.42956, 48.8509883], [2.4295028, 48.8506074], [2.4295006, 48.8505848], [2.4294533, 48.8500932], [2.4294512, 48.8500743], [2.4294074, 48.8496551], [2.4293775, 48.8494187], [2.4293361, 48.8488542], [2.4293284, 48.8487433], [2.4286773, 48.8487815], [2.4286346, 48.8487845], [2.4284813, 48.8487919], [2.4283986, 48.8487996], [2.4283615, 48.8487998], [2.4268538, 48.8488837], [2.4268111, 48.8488866], [2.4266265, 48.8488957], [2.4263664, 48.8489225], [2.4262227, 48.8489307], [2.4249301, 48.8490044], [2.4248936, 48.8490061], [2.4242914, 48.8490433], [2.4235287, 48.8490905], [2.4232382, 48.849108], [2.4231215, 48.8491171], [2.4228093, 48.8491359], [2.4221489, 48.8491719], [2.422067, 48.8491754], [2.4219849, 48.8491788], [2.4210624, 48.8492467], [2.4208707, 48.849258], [2.420815, 48.8492612], [2.4198271, 48.8493226], [2.4197349, 48.8493297], [2.4189947, 48.8493866]]]}}, {"type": "Feature", "properties": {"osm": 129550, "name": "Bagnolet", "insee": "93006"}, "geometry": {"type": "Polygon", "coordinates": [[[2.4272187, 48.8781972], [2.4273209, 48.8781895], [2.4278266, 48.8781887], [2.4283397, 48.8782032], [2.4290895, 48.8782397], [2.4295975, 48.8782945], [2.4297763, 48.8783207], [2.4302844, 48.8784004], [2.4307409, 48.8784759], [2.4309502, 48.8785142], [2.4316558, 48.8786467], [2.4322766, 48.8788249], [2.432578, 48.8789126], [2.4329028, 48.8790076], [2.4329548, 48.8789439], [2.4331073, 48.8788901], [2.4337211, 48.8785753], [2.4340175, 48.8784223], [2.4343413, 48.878279], [2.4346481, 48.8781752], [2.4347512, 48.8781398], [2.4350175, 48.8780484], [2.4352187, 48.8779676], [2.4352429, 48.8779586], [2.4370591, 48.877303], [2.4367657, 48.8768574], [2.4368296, 48.876832], [2.4365667, 48.8764731], [2.4366247, 48.8764605], [2.4367034, 48.8764434], [2.4366852, 48.8763817], [2.4365326, 48.8757712], [2.4362782, 48.874803], [2.4362701, 48.8747684], [2.4359459, 48.8747759], [2.4353919, 48.8746145], [2.434975, 48.874458], [2.4346021, 48.8743101], [2.4342826, 48.874149], [2.4339706, 48.8739687], [2.4337762, 48.8737291], [2.4337155, 48.8736412], [2.4336651, 48.8735682], [2.4336314, 48.8735197], [2.4328904, 48.8724546], [2.4326871, 48.8721536], [2.4324555, 48.871777], [2.4321148, 48.8715423], [2.4317855, 48.871398], [2.4311992, 48.871141], [2.4311111, 48.8711026], [2.4310249, 48.8710707], [2.4309337, 48.8710349], [2.4301854, 48.8706718], [2.4305297, 48.8701483], [2.4302776, 48.8692572], [2.4302168, 48.8692109], [2.4299471, 48.8690797], [2.4289484, 48.8683091], [2.4293652, 48.8682313], [2.4292451, 48.8681551], [2.4289279, 48.8679413], [2.4294358, 48.8676154], [2.4295241, 48.8675517], [2.4294863, 48.8674975], [2.4292643, 48.8672264], [2.4292329, 48.8671881], [2.4291817, 48.8671444], [2.4291557, 48.8671215], [2.429048, 48.8670342], [2.4289106, 48.8669382], [2.4287926, 48.8668558], [2.4284132, 48.8666711], [2.4283094, 48.8666202], [2.4280229, 48.8664795], [2.4276169, 48.8662877], [2.4276764, 48.8662362], [2.4277195, 48.8662552], [2.4277742, 48.8662494], [2.4278194, 48.8662201], [2.4282005, 48.8651787], [2.4287428, 48.8636059], [2.4286202, 48.863601], [2.4286361, 48.863548], [2.4261788, 48.8630921], [2.4257998, 48.8630211], [2.4254402, 48.8629509], [2.4250964, 48.8628734], [2.4248116, 48.8628218], [2.4242955, 48.8627384], [2.4239064, 48.8626949], [2.423911, 48.8626723], [2.4240346, 48.862065], [2.4236584, 48.8619431], [2.4233349, 48.861892], [2.423172, 48.8618707], [2.4231284, 48.8618631], [2.4230865, 48.8618503], [2.4230188, 48.8618157], [2.4229483, 48.8617718], [2.4229172, 48.8616743], [2.4228739, 48.861567], [2.4227644, 48.8613496], [2.4226474, 48.8611082], [2.4224764, 48.8608622], [2.4228828, 48.8606124], [2.4229594, 48.8605544], [2.4229945, 48.8605044], [2.4232088, 48.8601151], [2.4232719, 48.8600052], [2.42334, 48.8598891], [2.4234203, 48.8597564], [2.4234185, 48.8597269], [2.4234155, 48.8596793], [2.4234156, 48.8595972], [2.4234158, 48.8591914], [2.4234046, 48.8583468], [2.4234039, 48.8582969], [2.423403, 48.8582381], [2.4234019, 48.8581671], [2.4233901, 48.8573499], [2.4233928, 48.8572927], [2.4233376, 48.8572723], [2.4231438, 48.8572095], [2.4231142, 48.8572065], [2.4226855, 48.8572064], [2.4221658, 48.857125], [2.4219732, 48.8570883], [2.4218513, 48.8570601], [2.4217438, 48.8570359], [2.4215493, 48.8569879], [2.4191743, 48.8564932], [2.4182898, 48.8562941], [2.4182337, 48.8562827], [2.418135, 48.8562618], [2.4175087, 48.8561339], [2.4171453, 48.8560226], [2.4168789, 48.8559275], [2.416799, 48.8558844], [2.4152827, 48.8551803], [2.4152669, 48.8552629], [2.4151669, 48.8558675], [2.4149659, 48.8570846], [2.4148508, 48.8577988], [2.4147117, 48.8587061], [2.4146685, 48.8588654], [2.4145003, 48.8598239], [2.4144118, 48.8604197], [2.4143316, 48.8608737], [2.4140589, 48.8625712], [2.4139599, 48.8633341], [2.4139144, 48.8636723], [2.4139019, 48.8637648], [2.4138599, 48.8640706], [2.4138943, 48.8651716], [2.413912, 48.8656741], [2.4139614, 48.8674618], [2.413965, 48.8675931], [2.4139667, 48.8678519], [2.4140042, 48.8689246], [2.4139679, 48.8693058], [2.4139452, 48.8695112], [2.4138209, 48.8705645], [2.4136461, 48.8724055], [2.4136317, 48.8724474], [2.4134473, 48.8731508], [2.4143244, 48.8738779], [2.4152743, 48.8746486], [2.4153614, 48.8747177], [2.4158095, 48.875075], [2.4158766, 48.875106], [2.4167335, 48.8755319], [2.4170477, 48.8757073], [2.4174236, 48.8759422], [2.417596, 48.8760116], [2.4176968, 48.876075], [2.417745, 48.8761275], [2.4185413, 48.8766497], [2.4186405, 48.8767144], [2.4187199, 48.8767662], [2.4196648, 48.8773702], [2.4197302, 48.8774105], [2.4203319, 48.8777811], [2.4206324, 48.8779142], [2.4209384, 48.8780104], [2.4213887, 48.8781283], [2.4215257, 48.8781735], [2.4215325, 48.8781758], [2.4216774, 48.8782057], [2.4218414, 48.878213], [2.4220917, 48.8782345], [2.422364, 48.8782768], [2.4225303, 48.878294], [2.4227482, 48.878309], [2.422996, 48.8783243], [2.4231925, 48.8782945], [2.4244831, 48.8782898], [2.4253214, 48.8782931], [2.4256226, 48.8782943], [2.426977, 48.8782255], [2.4272187, 48.8781972]]]}}, {"type": "Feature", "properties": {"osm": 130544, "name": "Les Lilas", "insee": "93045"}, "geometry": {"type": "Polygon", "coordinates": [[[2.422996, 48.8783243], [2.4227482, 48.878309], [2.4225303, 48.878294], [2.422364, 48.8782768], [2.4220917, 48.8782345], [2.4218414, 48.878213], [2.4216774, 48.8782057], [2.4215325, 48.8781758], [2.4215257, 48.8781735], [2.4213887, 48.8781283], [2.4209384, 48.8780104], [2.4206324, 48.8779142], [2.4203319, 48.8777811], [2.4197302, 48.8774105], [2.4196648, 48.8773702], [2.4187199, 48.8767662], [2.4186405, 48.8767144], [2.4185413, 48.8766497], [2.417745, 48.8761275], [2.4176968, 48.876075], [2.417596, 48.8760116], [2.4174236, 48.8759422], [2.4170477, 48.8757073], [2.4167335, 48.8755319], [2.4158766, 48.875106], [2.4158095, 48.875075], [2.4153614, 48.8747177], [2.4152743, 48.8746486], [2.4143244, 48.8738779], [2.4134473, 48.8731508], [2.4134012, 48.8733081], [2.4132894, 48.8736942], [2.4132183, 48.8739412], [2.4131861, 48.8740448], [2.4131542, 48.8741348], [2.4128549, 48.8751692], [2.4128442, 48.8752063], [2.4125297, 48.8762513], [2.412525, 48.8762834], [2.4125003, 48.8763788], [2.4118563, 48.877152], [2.410856, 48.8784046], [2.4108392, 48.878426], [2.4108876, 48.8784383], [2.4118044, 48.8787064], [2.4120048, 48.8787561], [2.411961, 48.8788559], [2.4119311, 48.8790431], [2.4119189, 48.879303], [2.4119228, 48.8793268], [2.4119288, 48.8793431], [2.4119342, 48.879353], [2.4119423, 48.8793634], [2.412079, 48.8794888], [2.4121685, 48.879562], [2.4120343, 48.8796547], [2.4119816, 48.8796973], [2.4119731, 48.8797087], [2.4119691, 48.8797232], [2.4119392, 48.8801036], [2.4118837, 48.8802151], [2.4118514, 48.8803028], [2.4118401, 48.8803246], [2.411622, 48.8806825], [2.4113878, 48.8810605], [2.4113456, 48.8811257], [2.4111842, 48.8813907], [2.4111364, 48.881572], [2.4111085, 48.8817515], [2.4111147, 48.8819359], [2.4111395, 48.8821787], [2.4112039, 48.88255], [2.4113059, 48.8827851], [2.4113869, 48.882976], [2.4114484, 48.8831065], [2.4114888, 48.8832122], [2.4114919, 48.8832137], [2.4119438, 48.8833093], [2.4124583, 48.8834338], [2.4130925, 48.8836057], [2.4130072, 48.8830793], [2.4131116, 48.8831033], [2.4132434, 48.8831319], [2.4136212, 48.8832156], [2.4136475, 48.8832232], [2.4145619, 48.8834284], [2.4148417, 48.8835695], [2.4149431, 48.8836203], [2.4150881, 48.8837557], [2.4152593, 48.8839024], [2.41562, 48.8841896], [2.4158477, 48.8842336], [2.4163323, 48.884338], [2.4169777, 48.8844771], [2.4169995, 48.8844309], [2.4170332, 48.8843563], [2.4170379, 48.8843461], [2.4170845, 48.8842524], [2.417015, 48.8842262], [2.4170864, 48.8841759], [2.4171093, 48.8841594], [2.4171118, 48.8841581], [2.417232, 48.8840734], [2.4173142, 48.8840252], [2.4178363, 48.884342], [2.4183064, 48.8846033], [2.4185041, 48.8847132], [2.4187938, 48.8849765], [2.4196101, 48.8859615], [2.4201052, 48.8865589], [2.4202696, 48.8867596], [2.4205882, 48.8865688], [2.4208275, 48.8866799], [2.4212306, 48.8868678], [2.4218244, 48.8871493], [2.422055, 48.8872692], [2.4221002, 48.8873386], [2.4221838, 48.8874543], [2.4222497, 48.8875205], [2.422275, 48.8875391], [2.4223187, 48.8875689], [2.4224197, 48.8876142], [2.4224695, 48.88868], [2.4225749, 48.8890052], [2.4223816, 48.8890427], [2.423852, 48.8906645], [2.4239289, 48.8909926], [2.4243064, 48.8909944], [2.4243634, 48.8909738], [2.4244115, 48.8909089], [2.4246122, 48.890584], [2.4250339, 48.8906409], [2.4256239, 48.8901035], [2.4256467, 48.8898457], [2.4265073, 48.8897469], [2.4267259, 48.8896976], [2.4268794, 48.8896239], [2.4268652, 48.889538], [2.4267255, 48.8894736], [2.4265892, 48.8886913], [2.4267193, 48.8886053], [2.4264257, 48.8883294], [2.4265695, 48.8881145], [2.4266437, 48.8879518], [2.4267084, 48.887691], [2.4267638, 48.8874363], [2.4267818, 48.8871417], [2.4276544, 48.885972], [2.4269279, 48.8860556], [2.4268045, 48.8859516], [2.4266491, 48.8856612], [2.4264463, 48.8854317], [2.4259134, 48.884796], [2.4247333, 48.8834229], [2.4244989, 48.8832259], [2.4244328, 48.8831134], [2.424814, 48.8829332], [2.4248885, 48.8829205], [2.4254426, 48.8827973], [2.4256153, 48.8827589], [2.4256811, 48.8827817], [2.4257319, 48.8827987], [2.4259596, 48.8828747], [2.4265727, 48.8830892], [2.42662, 48.8831057], [2.4268962, 48.8832024], [2.4270042, 48.883172], [2.4271932, 48.8831189], [2.4282156, 48.8828314], [2.4284684, 48.8827671], [2.4290301, 48.8826241], [2.4290942, 48.8826078], [2.4291015, 48.8823326], [2.4287649, 48.8814932], [2.4287586, 48.8814648], [2.428476, 48.8801875], [2.4298402, 48.8804933], [2.4306862, 48.8806217], [2.4302837, 48.8803384], [2.4299194, 48.8798928], [2.4298598, 48.8791314], [2.4298013, 48.8783832], [2.4297763, 48.8783207], [2.4295975, 48.8782945], [2.4290895, 48.8782397], [2.4283397, 48.8782032], [2.4278266, 48.8781887], [2.4273209, 48.8781895], [2.4272187, 48.8781972], [2.426977, 48.8782255], [2.4256226, 48.8782943], [2.4253214, 48.8782931], [2.4244831, 48.8782898], [2.4231925, 48.8782945], [2.422996, 48.8783243]]]}}, {"type": "Feature", "properties": {"osm": 18476624, "name": "Saint-Denis", "insee": "93066"}, "geometry": {"type": "Polygon", "coordinates": [[[2.3666927, 48.9235579], [2.367598, 48.9220736], [2.3670351, 48.9218425], [2.3667145, 48.9217022], [2.3665752, 48.9216387], [2.3661366, 48.9214595], [2.3661525, 48.9214394], [2.3665299, 48.9209647], [2.3668538, 48.9209913], [2.3668546, 48.9200564], [2.3668155, 48.9197675], [2.3668983, 48.9180493], [2.366931, 48.9178407], [2.3663405, 48.9178692], [2.3663341, 48.9176889], [2.3663185, 48.9172529], [2.3662931, 48.9165419], [2.3662956, 48.9164986], [2.3662993, 48.9164337], [2.3663024, 48.9163969], [2.3663047, 48.9163692], [2.3663721, 48.9156609], [2.3663779, 48.9156003], [2.3663864, 48.9154387], [2.3663876, 48.9153836], [2.366705, 48.9153774], [2.3666697, 48.9151935], [2.3666027, 48.9148438], [2.3665833, 48.9147428], [2.366523, 48.9144278], [2.3664815, 48.9142115], [2.3663498, 48.9135245], [2.3662949, 48.9131516], [2.3662371, 48.9128279], [2.366208, 48.9126401], [2.3661772, 48.9124403], [2.3660834, 48.9118206], [2.3660054, 48.9113054], [2.366, 48.9112698], [2.3659867, 48.9111818], [2.3659722, 48.9110952], [2.3659608, 48.911027], [2.3659456, 48.9109363], [2.3656682, 48.9092599], [2.3656792, 48.9091306], [2.365699, 48.9090179], [2.3657052, 48.908969], [2.3657136, 48.9089247], [2.3657577, 48.9086253], [2.3658638, 48.9078549], [2.3658965, 48.9075469], [2.3659397, 48.9070771], [2.3659466, 48.907015], [2.3659583, 48.9068731], [2.3660228, 48.9067271], [2.3660001, 48.9063813], [2.3659355, 48.9048239], [2.3659343, 48.9048044], [2.3658947, 48.9044041], [2.3658343, 48.9037921], [2.3657744, 48.9031856], [2.3657685, 48.9031142], [2.3656306, 48.9017644], [2.3619858, 48.9016883], [2.3617146, 48.9016827], [2.3615108, 48.9016786], [2.3594462, 48.9016362], [2.3588508, 48.901624], [2.3584812, 48.9016184], [2.3584323, 48.9016176], [2.3578445, 48.9016087], [2.3550659, 48.9015474], [2.3532526, 48.9015126], [2.3530999, 48.901507], [2.3520561, 48.9014901], [2.3520304, 48.9016202], [2.351857, 48.9024186], [2.3518151, 48.902693], [2.3517161, 48.9030804], [2.3515944, 48.9036822], [2.3514566, 48.9043622], [2.3514484, 48.904467], [2.3512148, 48.9074475], [2.3517351, 48.9082414], [2.3513143, 48.9102019], [2.3511403, 48.9105554], [2.3510932, 48.9106511], [2.3507944, 48.9109801], [2.3500847, 48.9110325], [2.349805, 48.9110532], [2.3491325, 48.9110572], [2.348445, 48.9110198], [2.3482687, 48.9114907], [2.3472208, 48.9139911], [2.3470868, 48.9143108], [2.3470516, 48.914381], [2.3469241, 48.9143574], [2.3459936, 48.9141356], [2.3457031, 48.9140692], [2.345395, 48.9140202], [2.3453143, 48.9140066], [2.345121, 48.9139993], [2.3448603, 48.9140045], [2.3446038, 48.9140248], [2.3445486, 48.9140296], [2.344475, 48.9140361], [2.344288, 48.9140539], [2.344161, 48.9140665], [2.3439889, 48.9140866], [2.3439532, 48.9140907], [2.3439042, 48.9140963], [2.3434935, 48.9141435], [2.3432023, 48.9141695], [2.3424824, 48.9142507], [2.3423496, 48.9142657], [2.3409482, 48.9144241], [2.3403454, 48.9144922], [2.3401, 48.9145256], [2.3398831, 48.9145586], [2.3395579, 48.9146213], [2.3390556, 48.9147469], [2.3388409, 48.9148059], [2.3387324, 48.9148403], [2.3386015, 48.9148847], [2.3382123, 48.9150337], [2.3380573, 48.9150978], [2.3379582, 48.9151388], [2.3378062, 48.9152141], [2.3382795, 48.9162586], [2.3387675, 48.9173356], [2.3391005, 48.9180705], [2.3391879, 48.9182084], [2.3392558, 48.9182584], [2.3393697, 48.9184404], [2.3395549, 48.9189073], [2.3395991, 48.9189876], [2.339885, 48.9195069], [2.3399586, 48.919588], [2.3391155, 48.919924], [2.3391477, 48.9199699], [2.3381723, 48.9204214], [2.3372171, 48.9208875], [2.3371452, 48.9209229], [2.3371579, 48.920929], [2.3372702, 48.9209949], [2.3370001, 48.9211284], [2.3368338, 48.9210989], [2.3338785, 48.922795], [2.3332192, 48.9231734], [2.3343528, 48.9243869], [2.3350642, 48.9251515], [2.3351324, 48.9252248], [2.3351687, 48.9252638], [2.3352131, 48.9253115], [2.3363066, 48.9264278], [2.3363949, 48.926518], [2.3365805, 48.9267074], [2.3366551, 48.9267836], [2.3370615, 48.9271984], [2.3383941, 48.9284538], [2.339222, 48.9292458], [2.3399252, 48.9299744], [2.340498, 48.9307927], [2.3410084, 48.9317716], [2.3411956, 48.9323582], [2.3413318, 48.932956], [2.3415871, 48.9342525], [2.3417233, 48.9351529], [2.3418014, 48.9357834], [2.3417976, 48.9358275], [2.3417953, 48.9358546], [2.3417829, 48.9358838], [2.3416992, 48.9360816], [2.3411828, 48.9376], [2.3405231, 48.9391464], [2.3400424, 48.9402145], [2.3399044, 48.9404537], [2.339548, 48.9410218], [2.3383445, 48.9426269], [2.339032, 48.9431218], [2.3392826, 48.9433022], [2.3396165, 48.9435503], [2.3396539, 48.9435702], [2.3397404, 48.9436101], [2.3400632, 48.943759], [2.3402932, 48.943865], [2.3406346, 48.9440225], [2.3405363, 48.9440894], [2.3408028, 48.9442565], [2.3407549, 48.944303], [2.3407115, 48.9443386], [2.3401809, 48.9446991], [2.3394018, 48.9452284], [2.3392058, 48.9453616], [2.3385555, 48.944731], [2.3384885, 48.9447565], [2.3379196, 48.9449687], [2.3374871, 48.9447213], [2.3372168, 48.9448422], [2.3371901, 48.9448158], [2.3369632, 48.9449103], [2.3369966, 48.9449389], [2.3368565, 48.944985], [2.3367264, 48.9449696], [2.337734, 48.945963], [2.3375905, 48.9461212], [2.3376469, 48.9462132], [2.3379242, 48.9466663], [2.3385415, 48.9470794], [2.3393723, 48.947631], [2.3395238, 48.9475999], [2.3410439, 48.9472882], [2.3427328, 48.9469453], [2.3428791, 48.9469182], [2.3445835, 48.9465667], [2.3441803, 48.9463078], [2.3441736, 48.9462221], [2.3447007, 48.9458661], [2.3460488, 48.946394], [2.3461083, 48.9464185], [2.3461915, 48.946452], [2.3464258, 48.9465472], [2.3479641, 48.9471581], [2.3504598, 48.9486368], [2.3515686, 48.9504114], [2.3523467, 48.9517204], [2.3528453, 48.9525498], [2.3528662, 48.9525875], [2.353289, 48.9533519], [2.3534183, 48.9535757], [2.3534285, 48.9535934], [2.353442, 48.9536167], [2.3535547, 48.953812], [2.3536549, 48.9539624], [2.3536671, 48.9560551], [2.3535252, 48.9567875], [2.3530112, 48.9569605], [2.3531826, 48.9572181], [2.3532158, 48.9572681], [2.3533275, 48.9574361], [2.3533942, 48.9575364], [2.3534557, 48.9576289], [2.3535698, 48.9578005], [2.3536316, 48.9578934], [2.3537543, 48.9580771], [2.3538334, 48.9581956], [2.3539803, 48.9583965], [2.3541498, 48.9586464], [2.3541854, 48.9586994], [2.3543906, 48.9589892], [2.354899, 48.9596459], [2.353214, 48.960225], [2.352878, 48.9603398], [2.3529942, 48.9604931], [2.3532085, 48.9607171], [2.3524387, 48.9609706], [2.3524308, 48.961116], [2.3524296, 48.9612436], [2.3524255, 48.9616759], [2.3524011, 48.9616869], [2.3528462, 48.961979], [2.3528729, 48.9619948], [2.3535345, 48.962385], [2.3535569, 48.9623989], [2.3531198, 48.9626715], [2.3530259, 48.9627255], [2.3535501, 48.9630708], [2.3536126, 48.9631119], [2.3529914, 48.9634448], [2.3533138, 48.9636599], [2.3537413, 48.963945], [2.3539767, 48.9641242], [2.3542141, 48.9643295], [2.3545551, 48.9646253], [2.3545616, 48.9646304], [2.3543911, 48.9647192], [2.3542783, 48.9647786], [2.353882, 48.9649863], [2.3536968, 48.9650844], [2.3535636, 48.9651884], [2.3535028, 48.9652883], [2.3534235, 48.9656155], [2.3536166, 48.9658077], [2.3536566, 48.9658214], [2.3538834, 48.9657461], [2.3539125, 48.9657483], [2.3544872, 48.9665557], [2.3544756, 48.9665633], [2.3544932, 48.9665658], [2.3546606, 48.9668315], [2.3547203, 48.9668893], [2.3548259, 48.966936], [2.3556605, 48.967692], [2.3559772, 48.9679167], [2.35601, 48.967941], [2.3560437, 48.9679653], [2.356295, 48.9681798], [2.3566502, 48.9685584], [2.3568915, 48.9687721], [2.3568799, 48.9687835], [2.356938, 48.9688082], [2.3569484, 48.9688356], [2.3563922, 48.9691116], [2.3563662, 48.9691414], [2.3564958, 48.9693241], [2.3568494, 48.9699583], [2.3573285, 48.9706343], [2.3573487, 48.9706922], [2.3573776, 48.9707074], [2.357887, 48.9714495], [2.3582679, 48.9720457], [2.3582564, 48.9720533], [2.3582813, 48.9720599], [2.3588294, 48.9728105], [2.3589328, 48.9729277], [2.3600767, 48.9724891], [2.3602616, 48.9725662], [2.3602558, 48.9725776], [2.3603121, 48.9725911], [2.3604483, 48.9726729], [2.3607529, 48.9729654], [2.360769, 48.9729807], [2.3608801, 48.9731174], [2.3609038, 48.973138], [2.3612212, 48.9734938], [2.3613369, 48.9736383], [2.3613635, 48.9736651], [2.3614928, 48.9738483], [2.3615855, 48.9739918], [2.3624001, 48.9737673], [2.3624232, 48.9737711], [2.3626444, 48.9736941], [2.3626519, 48.9736591], [2.3627238, 48.9736307], [2.3637226, 48.9734295], [2.3652018, 48.9730287], [2.3658403, 48.9740606], [2.3661475, 48.9739605], [2.366327, 48.9739058], [2.3688684, 48.9730425], [2.3727099, 48.9723506], [2.3757333, 48.972056], [2.3757192, 48.9720151], [2.3756562, 48.9718957], [2.3756285, 48.9718491], [2.3754873, 48.9715211], [2.375386, 48.9712774], [2.3751104, 48.9706408], [2.375074, 48.9705568], [2.3750376, 48.9704766], [2.375007, 48.9704019], [2.3749902, 48.970362], [2.3747274, 48.9697384], [2.3746921, 48.9696537], [2.3745577, 48.9693518], [2.3745012, 48.9692216], [2.3744581, 48.969117], [2.3742817, 48.9687032], [2.3742187, 48.9685553], [2.3741886, 48.9684846], [2.3741678, 48.9684359], [2.374124, 48.968333], [2.3740334, 48.9681203], [2.3738414, 48.9676698], [2.3737656, 48.9674831], [2.3737386, 48.9672601], [2.3737298, 48.9671869], [2.3737196, 48.9670975], [2.3736753, 48.9667046], [2.373659, 48.9665256], [2.3736329, 48.9663054], [2.3736045, 48.9660468], [2.373562, 48.9656446], [2.3735273, 48.965378], [2.3734984, 48.9652556], [2.3734491, 48.9651206], [2.3734689, 48.9650695], [2.3734856, 48.9648662], [2.3734819, 48.9646687], [2.3734644, 48.9644964], [2.3733945, 48.9643746], [2.373394, 48.9641896], [2.3733936, 48.9640557], [2.3733897, 48.9625988], [2.3733762, 48.9625371], [2.3733322, 48.9623365], [2.3732609, 48.9620111], [2.3732392, 48.961912], [2.3730953, 48.960761], [2.3732693, 48.9600971], [2.3689816, 48.960142], [2.368782, 48.9589382], [2.3670307, 48.9588928], [2.3654514, 48.9588216], [2.3654555, 48.9588137], [2.3654688, 48.9587881], [2.3655193, 48.95869], [2.3655591, 48.9586126], [2.3657974, 48.9581493], [2.3658464, 48.958054], [2.3658957, 48.9579542], [2.3662577, 48.9572223], [2.3666096, 48.9564765], [2.3666882, 48.9563277], [2.3668093, 48.9560984], [2.3670505, 48.9556521], [2.3678268, 48.9541709], [2.3690628, 48.9524669], [2.3690926, 48.9524384], [2.3691095, 48.9524101], [2.3691531, 48.9523373], [2.3692135, 48.9522361], [2.3693004, 48.9520306], [2.3696259, 48.9512605], [2.3696672, 48.9511631], [2.3698267, 48.9507871], [2.3698693, 48.9506971], [2.3699127, 48.9505883], [2.370175, 48.9499301], [2.3702668, 48.9497506], [2.3705413, 48.9492144], [2.3710715, 48.948179], [2.3710936, 48.9481359], [2.3711541, 48.9480146], [2.3711661, 48.9479886], [2.3713026, 48.9477593], [2.371629, 48.947087], [2.371637, 48.9470693], [2.3716844, 48.946965], [2.3717645, 48.9469803], [2.3718981, 48.9470058], [2.3722489, 48.9470765], [2.3744071, 48.9474805], [2.3751991, 48.9476492], [2.3752228, 48.9475969], [2.3752563, 48.9475111], [2.375285, 48.947443], [2.3754819, 48.9468374], [2.375723, 48.946308], [2.3759626, 48.9459074], [2.3761361, 48.9456856], [2.3762271, 48.9455524], [2.3764391, 48.9453162], [2.3765365, 48.9451748], [2.3767996, 48.9448399], [2.3769186, 48.944696], [2.3778003, 48.9448736], [2.378965, 48.944806], [2.3800915, 48.9449678], [2.3802031, 48.9449848], [2.381339, 48.9452098], [2.3815319, 48.9452462], [2.382127, 48.9454162], [2.3825137, 48.9448831], [2.382934, 48.9442971], [2.3830876, 48.944345], [2.3835423, 48.9437057], [2.3835066, 48.943697], [2.3836471, 48.9434716], [2.3837529, 48.943476], [2.383927, 48.9435367], [2.3842344, 48.9436894], [2.3844393, 48.9438288], [2.3845008, 48.9438175], [2.3847328, 48.9437005], [2.3847806, 48.943696], [2.3848148, 48.9437702], [2.3847943, 48.9438219], [2.3848285, 48.9438488], [2.3853533, 48.9439043], [2.3856923, 48.9438731], [2.3857221, 48.9439065], [2.3857414, 48.944017], [2.3857886, 48.9440423], [2.3858515, 48.9440411], [2.3859546, 48.9439593], [2.3860332, 48.9439202], [2.3860926, 48.9439167], [2.3861328, 48.9439431], [2.3861364, 48.9439926], [2.3861696, 48.9440318], [2.3865193, 48.9442089], [2.3868355, 48.9443017], [2.387161, 48.9443917], [2.3875281, 48.9445366], [2.3876471, 48.944616], [2.3876856, 48.944715], [2.3877504, 48.944799], [2.3878553, 48.9448415], [2.3885073, 48.9449437], [2.3892014, 48.9451679], [2.3896928, 48.9453703], [2.3900302, 48.9454438], [2.3900984, 48.9454864], [2.3901352, 48.9455497], [2.3901372, 48.9457972], [2.3901075, 48.9458847], [2.3898823, 48.9461346], [2.3897603, 48.9463799], [2.3896836, 48.9466574], [2.3897432, 48.9467471], [2.3898254, 48.9468024], [2.3900352, 48.9468806], [2.390196, 48.9469208], [2.3908848, 48.9469861], [2.391133, 48.9470527], [2.3916052, 48.9472459], [2.39185, 48.9473195], [2.3922242, 48.9474885], [2.3924987, 48.9475506], [2.392796, 48.9476817], [2.3931142, 48.9477633], [2.3933083, 48.9478587], [2.3933957, 48.9478829], [2.3936247, 48.9479069], [2.3937086, 48.9479322], [2.3937926, 48.9479759], [2.3938469, 48.9480404], [2.3942318, 48.9483637], [2.3943612, 48.9484062], [2.3945534, 48.9484073], [2.3946181, 48.9484199], [2.3947285, 48.9486144], [2.3948282, 48.9487421], [2.3949069, 48.9487755], [2.3951307, 48.9487788], [2.3951726, 48.9487961], [2.3953986, 48.949169], [2.3954651, 48.9493025], [2.3954792, 48.9493865], [2.3956994, 48.9493001], [2.3960244, 48.9492354], [2.3969161, 48.9494502], [2.397189, 48.9496585], [2.3973987, 48.9495513], [2.3976485, 48.9494683], [2.3981181, 48.9489419], [2.3981146, 48.9489223], [2.3974273, 48.9486349], [2.397616, 48.9485807], [2.3977645, 48.9485], [2.3981119, 48.9481487], [2.3980538, 48.9478068], [2.3977125, 48.947442], [2.3977072, 48.9473718], [2.3976722, 48.9473407], [2.3975306, 48.9473972], [2.3974869, 48.94738], [2.3974974, 48.9473293], [2.3975532, 48.9472913], [2.3974394, 48.947121], [2.3972049, 48.9468598], [2.3971714, 48.9466595], [2.3971381, 48.9465881], [2.3970524, 48.9465202], [2.3966939, 48.946342], [2.3968144, 48.9462498], [2.3968004, 48.9462095], [2.396586, 48.9460993], [2.3964313, 48.9460197], [2.3963928, 48.9459852], [2.396307, 48.9458034], [2.3960428, 48.9455802], [2.3959518, 48.9454593], [2.3958031, 48.9454099], [2.3956561, 48.945197], [2.3955092, 48.945113], [2.3953973, 48.9450924], [2.3952942, 48.9451154], [2.395163, 48.9450315], [2.3951873, 48.9449094], [2.3951279, 48.9449014], [2.3950108, 48.9449222], [2.3949164, 48.9449072], [2.3945142, 48.9447094], [2.3944145, 48.9446105], [2.3941836, 48.9445001], [2.3940402, 48.9443735], [2.3938338, 48.9442447], [2.3938128, 48.9442136], [2.3936921, 48.944186], [2.3936275, 48.9441907], [2.393547, 48.9440687], [2.393435, 48.9440146], [2.3933022, 48.9440147], [2.392914, 48.9438387], [2.392608, 48.943741], [2.3924454, 48.9436697], [2.3915013, 48.9433294], [2.3913124, 48.9432731], [2.3911323, 48.9431937], [2.3907232, 48.9430661], [2.3904417, 48.9429431], [2.3902057, 48.9428902], [2.3897668, 48.9426786], [2.3895396, 48.9426246], [2.3882548, 48.9424364], [2.387741, 48.9424101], [2.3874717, 48.9423331], [2.3872987, 48.9423182], [2.3874637, 48.9412716], [2.3874582, 48.9412702], [2.3858711, 48.9408602], [2.3851595, 48.9404702], [2.384331, 48.9370692], [2.3835658, 48.9338869], [2.3833272, 48.9328947], [2.3836444, 48.9326368], [2.3837487, 48.9326339], [2.3839051, 48.9325164], [2.3837876, 48.9323875], [2.3837485, 48.9323732], [2.3824426, 48.9307466], [2.3818118, 48.9310047], [2.3813799, 48.9311828], [2.3807968, 48.9313395], [2.3805123, 48.9314116], [2.3797979, 48.9315015], [2.3776155, 48.931777], [2.3775989, 48.9317381], [2.3775649, 48.9316833], [2.3774917, 48.931567], [2.3771704, 48.9310516], [2.3766891, 48.9302798], [2.3761824, 48.9294634], [2.3757074, 48.9287047], [2.3756566, 48.9286236], [2.3751643, 48.9278175], [2.3750717, 48.9276785], [2.3752879, 48.9275537], [2.3755827, 48.9273716], [2.3768775, 48.9261924], [2.3769753, 48.926105], [2.3771902, 48.9259073], [2.3772906, 48.9258218], [2.3778199, 48.9253711], [2.377604, 48.9252638], [2.3770672, 48.9250072], [2.3761155, 48.9245489], [2.3746705, 48.9238611], [2.374745, 48.9237664], [2.3738097, 48.9235697], [2.3733199, 48.9234365], [2.3726024, 48.9230759], [2.3719734, 48.9224561], [2.3717299, 48.9225486], [2.3714442, 48.9226572], [2.3713651, 48.9226893], [2.3704901, 48.9230431], [2.3702793, 48.9231406], [2.3701746, 48.9232074], [2.3699841, 48.9233097], [2.3697182, 48.9234539], [2.3695713, 48.9235428], [2.3694346, 48.9236189], [2.3693112, 48.9236996], [2.3692271, 48.9237546], [2.3691046, 48.9238379], [2.3690341, 48.9238904], [2.3688603, 48.924024], [2.3687877, 48.9240798], [2.3686565, 48.9241806], [2.3686103, 48.9242177], [2.3683081, 48.9244528], [2.3666927, 48.9235579]]]}}]}